0 verbose cli D:\nodejs\node.exe D:\nodejs\node_modules\npm\bin\npm-cli.js
1 info using npm@11.12.1
2 info using node@v24.15.0
3 silly config load:file:D:\nodejs\node_modules\npm\npmrc
4 silly config load:file:E:\vscode\excel查找\excel\frontend\.npmrc
5 silly config load:file:C:\Users\lenovo\.npmrc
6 silly config load:file:C:\Users\lenovo\AppData\Roaming\npm\etc\npmrc
7 verbose title npm install
8 verbose argv "install" "--cache" ".npm-cache"
9 verbose logfile logs-max:10 dir:E:\vscode\excel查找\excel\frontend\.npm-cache\_logs\2026-05-13T08_58_35_257Z-
10 verbose logfile E:\vscode\excel查找\excel\frontend\.npm-cache\_logs\2026-05-13T08_58_35_257Z-debug-0.log
11 silly logfile done cleaning log files
12 silly packumentCache heap:4496293888 maxSize:1124073472 maxEntrySize:562036736
13 silly idealTree buildDeps
14 silly fetch manifest @element-plus/icons-vue@^2.3.1
15 silly packumentCache full:https://registry.npmjs.org/@element-plus%2ficons-vue cache-miss
16 http fetch GET 200 https://registry.npmjs.org/@element-plus%2ficons-vue 2820ms (cache revalidated)
17 silly packumentCache full:https://registry.npmjs.org/@element-plus%2ficons-vue set size:124345 disposed:false
18 silly fetch manifest vue@^3.5.13
19 silly packumentCache full:https://registry.npmjs.org/vue cache-miss
20 http fetch GET 200 https://registry.npmjs.org/vue 304ms (cache revalidated)
21 silly packumentCache full:https://registry.npmjs.org/vue set size:2032433 disposed:false
22 silly fetch manifest typescript@~5.7.2
23 silly packumentCache full:https://registry.npmjs.org/typescript cache-miss
24 http fetch GET 200 https://registry.npmjs.org/typescript 1011ms (cache revalidated)
25 silly packumentCache full:https://registry.npmjs.org/typescript set size:15409943 disposed:false
26 silly fetch manifest axios@^1.7.9
27 silly packumentCache full:https://registry.npmjs.org/axios cache-miss
28 http fetch GET 200 https://registry.npmjs.org/axios 364ms (cache revalidated)
29 silly packumentCache full:https://registry.npmjs.org/axios set size:746512 disposed:false
30 silly fetch manifest dayjs@^1.11.13
31 silly packumentCache full:https://registry.npmjs.org/dayjs cache-miss
32 http fetch GET 200 https://registry.npmjs.org/dayjs 286ms (cache revalidated)
33 silly packumentCache full:https://registry.npmjs.org/dayjs set size:486327 disposed:false
34 silly fetch manifest element-plus@^2.9.3
35 silly packumentCache full:https://registry.npmjs.org/element-plus cache-miss
36 http fetch GET 200 https://registry.npmjs.org/element-plus 885ms (cache revalidated)
37 silly packumentCache full:https://registry.npmjs.org/element-plus set size:1219156 disposed:false
38 silly fetch manifest lucide-vue-next@^0.469.0
39 silly packumentCache full:https://registry.npmjs.org/lucide-vue-next cache-miss
40 http fetch GET 200 https://registry.npmjs.org/lucide-vue-next 271ms (cache revalidated)
41 silly packumentCache full:https://registry.npmjs.org/lucide-vue-next set size:2001904 disposed:false
42 silly fetch manifest pinia@^2.3.0
43 silly packumentCache full:https://registry.npmjs.org/pinia cache-miss
44 http fetch GET 200 https://registry.npmjs.org/pinia 286ms (cache revalidated)
45 silly packumentCache full:https://registry.npmjs.org/pinia set size:548450 disposed:false
46 silly fetch manifest vue-router@^4.5.0
47 silly packumentCache full:https://registry.npmjs.org/vue-router cache-miss
48 http fetch GET 200 https://registry.npmjs.org/vue-router 321ms (cache revalidated)
49 silly packumentCache full:https://registry.npmjs.org/vue-router set size:988925 disposed:false
50 silly fetch manifest @types/node@^22.10.5
51 silly packumentCache full:https://registry.npmjs.org/@types%2fnode cache-miss
52 http fetch GET 200 https://registry.npmjs.org/@types%2fnode 329ms (cache revalidated)
53 silly packumentCache full:https://registry.npmjs.org/@types%2fnode set size:11004479 disposed:false
54 silly fetch manifest @vitejs/plugin-vue@^5.2.1
55 silly packumentCache full:https://registry.npmjs.org/@vitejs%2fplugin-vue cache-miss
56 http fetch GET 200 https://registry.npmjs.org/@vitejs%2fplugin-vue 342ms (cache revalidated)
57 silly packumentCache full:https://registry.npmjs.org/@vitejs%2fplugin-vue set size:420047 disposed:false
58 silly fetch manifest vite@^6.0.7
59 silly packumentCache full:https://registry.npmjs.org/vite cache-miss
60 http fetch GET 200 https://registry.npmjs.org/vite 398ms (cache revalidated)
61 silly packumentCache full:https://registry.npmjs.org/vite set size:38832758 disposed:false
62 silly fetch manifest jiti@>=1.21.0
63 silly packumentCache full:https://registry.npmjs.org/jiti cache-miss
64 http fetch GET 200 https://registry.npmjs.org/jiti 313ms (cache revalidated)
65 silly packumentCache full:https://registry.npmjs.org/jiti set size:387989 disposed:false
66 silly fetch manifest less@*
67 silly packumentCache full:https://registry.npmjs.org/less cache-miss
68 http fetch GET 200 https://registry.npmjs.org/less 289ms (cache revalidated)
69 silly packumentCache full:https://registry.npmjs.org/less set size:461684 disposed:false
70 silly fetch manifest lightningcss@^1.21.0
71 silly packumentCache full:https://registry.npmjs.org/lightningcss cache-miss
72 http fetch GET 200 https://registry.npmjs.org/lightningcss 311ms (cache revalidated)
73 silly packumentCache full:https://registry.npmjs.org/lightningcss set size:186753 disposed:false
74 silly fetch manifest sass@*
75 silly packumentCache full:https://registry.npmjs.org/sass cache-miss
76 http fetch GET 200 https://registry.npmjs.org/sass 285ms (cache revalidated)
77 silly packumentCache full:https://registry.npmjs.org/sass set size:726244 disposed:false
78 silly fetch manifest sass-embedded@*
79 silly packumentCache full:https://registry.npmjs.org/sass-embedded cache-miss
80 http fetch GET 200 https://registry.npmjs.org/sass-embedded 284ms (cache revalidated)
81 silly packumentCache full:https://registry.npmjs.org/sass-embedded set size:415594 disposed:false
82 silly fetch manifest stylus@*
83 silly packumentCache full:https://registry.npmjs.org/stylus cache-miss
84 http fetch GET 200 https://registry.npmjs.org/stylus 267ms (cache revalidated)
85 silly packumentCache full:https://registry.npmjs.org/stylus set size:286766 disposed:false
86 silly fetch manifest sugarss@*
87 silly packumentCache full:https://registry.npmjs.org/sugarss cache-miss
88 http fetch GET 200 https://registry.npmjs.org/sugarss 737ms (cache revalidated)
89 silly packumentCache full:https://registry.npmjs.org/sugarss set size:44975 disposed:false
90 silly fetch manifest postcss@^8.3.3
91 silly packumentCache full:https://registry.npmjs.org/postcss cache-miss
92 http fetch GET 200 https://registry.npmjs.org/postcss 725ms (cache revalidated)
93 silly packumentCache full:https://registry.npmjs.org/postcss set size:720302 disposed:false
94 silly fetch manifest terser@^5.16.0
95 silly packumentCache full:https://registry.npmjs.org/terser cache-miss
96 http fetch GET 200 https://registry.npmjs.org/terser 1007ms (cache revalidated)
97 silly packumentCache full:https://registry.npmjs.org/terser set size:800268 disposed:false
98 silly fetch manifest tsx@^4.8.1
99 silly packumentCache full:https://registry.npmjs.org/tsx cache-miss
100 http fetch GET 200 https://registry.npmjs.org/tsx 297ms (cache revalidated)
101 silly packumentCache full:https://registry.npmjs.org/tsx set size:289592 disposed:false
102 silly fetch manifest yaml@^2.4.2
103 silly packumentCache full:https://registry.npmjs.org/yaml cache-miss
104 http fetch GET 200 https://registry.npmjs.org/yaml 319ms (cache revalidated)
105 silly packumentCache full:https://registry.npmjs.org/yaml set size:385754 disposed:false
106 silly fetch manifest @vue/test-utils@^2.4.6
107 silly packumentCache full:https://registry.npmjs.org/@vue%2ftest-utils cache-miss
108 http fetch GET 200 https://registry.npmjs.org/@vue%2ftest-utils 1201ms (cache revalidated)
109 silly packumentCache full:https://registry.npmjs.org/@vue%2ftest-utils set size:490258 disposed:false
110 silly fetch manifest @vue/compiler-dom@3.x
111 silly packumentCache full:https://registry.npmjs.org/@vue%2fcompiler-dom cache-miss
112 http fetch GET 200 https://registry.npmjs.org/@vue%2fcompiler-dom 304ms (cache revalidated)
113 silly packumentCache full:https://registry.npmjs.org/@vue%2fcompiler-dom set size:827578 disposed:false
114 silly fetch manifest @vue/server-renderer@3.x
115 silly packumentCache full:https://registry.npmjs.org/@vue%2fserver-renderer cache-miss
116 http fetch GET 200 https://registry.npmjs.org/@vue%2fserver-renderer 317ms (cache revalidated)
117 silly packumentCache full:https://registry.npmjs.org/@vue%2fserver-renderer set size:795027 disposed:false
118 silly fetch manifest jsdom@^25.0.1
119 silly packumentCache full:https://registry.npmjs.org/jsdom cache-miss
120 http fetch GET 200 https://registry.npmjs.org/jsdom 313ms (cache revalidated)
121 silly packumentCache full:https://registry.npmjs.org/jsdom set size:1064917 disposed:false
122 silly fetch manifest canvas@^2.11.2
123 silly packumentCache full:https://registry.npmjs.org/canvas cache-miss
124 http fetch GET 200 https://registry.npmjs.org/canvas 315ms (cache revalidated)
125 silly packumentCache full:https://registry.npmjs.org/canvas set size:372046 disposed:false
126 silly fetch manifest vitest@^2.1.8
127 silly packumentCache full:https://registry.npmjs.org/vitest cache-miss
128 http fetch GET 200 https://registry.npmjs.org/vitest 392ms (cache revalidated)
129 silly packumentCache full:https://registry.npmjs.org/vitest set size:2156872 disposed:false
130 silly fetch manifest @edge-runtime/vm@*
131 silly packumentCache full:https://registry.npmjs.org/@edge-runtime%2fvm cache-miss
132 http fetch GET 200 https://registry.npmjs.org/@edge-runtime%2fvm 721ms (cache revalidated)
133 silly packumentCache full:https://registry.npmjs.org/@edge-runtime%2fvm set size:269934 disposed:false
134 silly fetch manifest @vitest/browser@2.1.9
135 silly packumentCache full:https://registry.npmjs.org/@vitest%2fbrowser cache-miss
136 http fetch GET 200 https://registry.npmjs.org/@vitest%2fbrowser 293ms (cache revalidated)
137 silly packumentCache full:https://registry.npmjs.org/@vitest%2fbrowser set size:744196 disposed:false
138 silly fetch manifest playwright@*
139 silly packumentCache full:https://registry.npmjs.org/playwright cache-miss
140 http fetch GET 200 https://registry.npmjs.org/playwright 11662ms (cache miss)
141 silly packumentCache full:https://registry.npmjs.org/playwright set size:undefined disposed:false
142 silly fetch manifest webdriverio@*
143 silly packumentCache full:https://registry.npmjs.org/webdriverio cache-miss
144 http fetch GET 200 https://registry.npmjs.org/webdriverio 1824ms (cache miss)
145 silly packumentCache full:https://registry.npmjs.org/webdriverio set size:undefined disposed:false
146 silly fetch manifest puppeteer-core@>=22.x || <=24.x
147 silly packumentCache full:https://registry.npmjs.org/puppeteer-core cache-miss
148 http fetch GET 200 https://registry.npmjs.org/puppeteer-core 967ms (cache miss)
149 silly packumentCache full:https://registry.npmjs.org/puppeteer-core set size:undefined disposed:false
150 silly fetch manifest @vitest/ui@2.1.9
151 silly packumentCache full:https://registry.npmjs.org/@vitest%2fui cache-miss
152 http fetch GET 200 https://registry.npmjs.org/@vitest%2fui 1769ms (cache miss)
153 silly packumentCache full:https://registry.npmjs.org/@vitest%2fui set size:undefined disposed:false
154 silly fetch manifest happy-dom@*
155 silly packumentCache full:https://registry.npmjs.org/happy-dom cache-miss
156 http fetch GET 200 https://registry.npmjs.org/happy-dom 2074ms (cache miss)
157 silly packumentCache full:https://registry.npmjs.org/happy-dom set size:undefined disposed:false
158 silly fetch manifest vue-tsc@^2.2.0
159 silly packumentCache full:https://registry.npmjs.org/vue-tsc cache-miss
160 http fetch GET 200 https://registry.npmjs.org/vue-tsc 1398ms (cache miss)
161 silly packumentCache full:https://registry.npmjs.org/vue-tsc set size:undefined disposed:false
162 silly placeDep ROOT @element-plus/icons-vue@2.3.2 OK for: project-list-frontend@0.1.0 want: ^2.3.1
163 silly placeDep ROOT vue@3.5.34 OK for: @element-plus/icons-vue@2.3.2 want: ^3.2.0
164 silly placeDep ROOT @types/node@22.19.19 OK for: project-list-frontend@0.1.0 want: ^22.10.5
165 silly placeDep ROOT @vitejs/plugin-vue@5.2.4 OK for: project-list-frontend@0.1.0 want: ^5.2.1
166 silly placeDep ROOT vite@6.4.2 OK for: @vitejs/plugin-vue@5.2.4 want: ^5.0.0 || ^6.0.0
167 silly placeDep ROOT @vue/test-utils@2.4.10 OK for: project-list-frontend@0.1.0 want: ^2.4.6
168 silly placeDep ROOT @vue/compiler-dom@3.5.34 OK for: @vue/test-utils@2.4.10 want: 3.x
169 silly placeDep ROOT axios@1.16.0 OK for: project-list-frontend@0.1.0 want: ^1.7.9
170 silly placeDep ROOT dayjs@1.11.20 OK for: project-list-frontend@0.1.0 want: ^1.11.13
171 silly placeDep ROOT element-plus@2.14.0 OK for: project-list-frontend@0.1.0 want: ^2.9.3
172 silly placeDep ROOT jsdom@25.0.1 OK for: project-list-frontend@0.1.0 want: ^25.0.1
173 silly placeDep ROOT lucide-vue-next@0.469.0 OK for: project-list-frontend@0.1.0 want: ^0.469.0
174 silly placeDep ROOT pinia@2.3.1 OK for: project-list-frontend@0.1.0 want: ^2.3.0
175 silly placeDep ROOT typescript@5.7.3 OK for: project-list-frontend@0.1.0 want: ~5.7.2
176 silly placeDep ROOT vitest@2.1.9 OK for: project-list-frontend@0.1.0 want: ^2.1.8
177 silly placeDep ROOT vue-router@4.6.4 OK for: project-list-frontend@0.1.0 want: ^4.5.0
178 silly placeDep ROOT vue-tsc@2.2.12 OK for: project-list-frontend@0.1.0 want: ^2.2.0
179 silly fetch manifest @vue/shared@3.5.34
180 silly packumentCache full:https://registry.npmjs.org/@vue%2fshared cache-miss
181 silly fetch manifest @vue/runtime-dom@3.5.34
182 silly packumentCache full:https://registry.npmjs.org/@vue%2fruntime-dom cache-miss
183 silly fetch manifest @vue/compiler-dom@3.5.34
184 silly packumentCache full:https://registry.npmjs.org/@vue%2fcompiler-dom cache-hit
185 silly fetch manifest @vue/compiler-sfc@3.5.34
186 silly packumentCache full:https://registry.npmjs.org/@vue%2fcompiler-sfc cache-miss
187 silly fetch manifest @vue/server-renderer@3.5.34
188 silly packumentCache full:https://registry.npmjs.org/@vue%2fserver-renderer cache-hit
189 silly fetch manifest undici-types@~6.21.0
190 silly packumentCache full:https://registry.npmjs.org/undici-types cache-miss
191 silly fetch manifest fdir@^6.4.4
192 silly packumentCache full:https://registry.npmjs.org/fdir cache-miss
193 silly fetch manifest rollup@^4.34.9
194 silly packumentCache full:https://registry.npmjs.org/rollup cache-miss
195 silly fetch manifest esbuild@^0.25.0
196 silly packumentCache full:https://registry.npmjs.org/esbuild cache-miss
197 silly fetch manifest postcss@^8.5.3
198 silly packumentCache full:https://registry.npmjs.org/postcss cache-hit
199 silly fetch manifest picomatch@^4.0.2
200 silly packumentCache full:https://registry.npmjs.org/picomatch cache-miss
201 silly fetch manifest tinyglobby@^0.2.13
202 silly packumentCache full:https://registry.npmjs.org/tinyglobby cache-miss
203 silly fetch manifest fsevents@~2.3.3
204 silly packumentCache full:https://registry.npmjs.org/fsevents cache-miss
205 silly fetch manifest js-beautify@^1.14.9
206 silly packumentCache full:https://registry.npmjs.org/js-beautify cache-miss
207 silly fetch manifest vue-component-type-helpers@^3.0.0
208 silly packumentCache full:https://registry.npmjs.org/vue-component-type-helpers cache-miss
209 silly fetch manifest @vue/shared@3.5.34
210 silly packumentCache full:https://registry.npmjs.org/@vue%2fshared cache-miss
211 silly fetch manifest @vue/compiler-core@3.5.34
212 silly packumentCache full:https://registry.npmjs.org/@vue%2fcompiler-core cache-miss
213 silly fetch manifest form-data@^4.0.5
214 silly packumentCache full:https://registry.npmjs.org/form-data cache-miss
215 silly fetch manifest proxy-from-env@^2.1.0
216 silly packumentCache full:https://registry.npmjs.org/proxy-from-env cache-miss
217 silly fetch manifest follow-redirects@^1.16.0
218 silly packumentCache full:https://registry.npmjs.org/follow-redirects cache-miss
219 silly fetch manifest @ctrl/tinycolor@^4.2.0
220 silly packumentCache full:https://registry.npmjs.org/@ctrl%2ftinycolor cache-miss
221 silly fetch manifest @floating-ui/dom@^1.0.1
222 silly packumentCache full:https://registry.npmjs.org/@floating-ui%2fdom cache-miss
223 silly fetch manifest @popperjs/core@npm:@sxzz/popperjs-es@^2.11.8
224 silly packumentCache full:https://registry.npmjs.org/@sxzz%2fpopperjs-es cache-miss
225 silly fetch manifest @types/lodash@^4.17.24
226 silly packumentCache full:https://registry.npmjs.org/@types%2flodash cache-miss
227 silly fetch manifest @types/lodash-es@^4.17.12
228 silly packumentCache full:https://registry.npmjs.org/@types%2flodash-es cache-miss
229 silly fetch manifest @vueuse/core@14.3.0
230 silly packumentCache full:https://registry.npmjs.org/@vueuse%2fcore cache-miss
231 silly fetch manifest async-validator@^4.2.5
232 silly packumentCache full:https://registry.npmjs.org/async-validator cache-miss
233 silly fetch manifest lodash@^4.18.1
234 silly packumentCache full:https://registry.npmjs.org/lodash cache-miss
235 silly fetch manifest lodash-es@^4.18.1
236 silly packumentCache full:https://registry.npmjs.org/lodash-es cache-miss
237 silly fetch manifest lodash-unified@^1.0.3
238 silly packumentCache full:https://registry.npmjs.org/lodash-unified cache-miss
239 http fetch GET 200 https://registry.npmjs.org/@vue%2fshared 950ms (cache miss)
240 silly packumentCache full:https://registry.npmjs.org/@vue%2fshared set size:undefined disposed:false
241 silly fetch manifest memoize-one@^6.0.0
242 silly packumentCache full:https://registry.npmjs.org/memoize-one cache-miss
243 http fetch GET 200 https://registry.npmjs.org/form-data 1275ms (cache miss)
244 silly packumentCache full:https://registry.npmjs.org/form-data set size:undefined disposed:false
245 silly fetch manifest normalize-wheel-es@^1.2.0
246 silly packumentCache full:https://registry.npmjs.org/normalize-wheel-es cache-miss
247 http fetch GET 200 https://registry.npmjs.org/picomatch 1393ms (cache miss)
248 silly packumentCache full:https://registry.npmjs.org/picomatch set size:undefined disposed:false
249 silly fetch manifest vue-component-type-helpers@^3.2.8
250 silly packumentCache full:https://registry.npmjs.org/vue-component-type-helpers cache-miss
251 http fetch GET 200 https://registry.npmjs.org/fsevents 1410ms (cache miss)
252 silly packumentCache full:https://registry.npmjs.org/fsevents set size:undefined disposed:false
253 silly fetch manifest ws@^8.18.0
254 silly packumentCache full:https://registry.npmjs.org/ws cache-miss
255 http fetch GET 200 https://registry.npmjs.org/tinyglobby 1664ms (cache miss)
256 silly packumentCache full:https://registry.npmjs.org/tinyglobby set size:undefined disposed:false
257 silly fetch manifest saxes@^6.0.0
258 silly packumentCache full:https://registry.npmjs.org/saxes cache-miss
259 http fetch GET 200 https://registry.npmjs.org/@floating-ui%2fdom 1779ms (cache miss)
260 silly packumentCache full:https://registry.npmjs.org/@floating-ui%2fdom set size:undefined disposed:false
261 silly fetch manifest nwsapi@^2.2.12
262 silly packumentCache full:https://registry.npmjs.org/nwsapi cache-miss
263 http fetch GET 200 https://registry.npmjs.org/proxy-from-env 1998ms (cache miss)
264 silly packumentCache full:https://registry.npmjs.org/proxy-from-env set size:undefined disposed:false
265 silly fetch manifest parse5@^7.1.2
266 silly packumentCache full:https://registry.npmjs.org/parse5 cache-miss
267 http fetch GET 200 https://registry.npmjs.org/@types%2flodash-es 2367ms (cache miss)
268 silly packumentCache full:https://registry.npmjs.org/@types%2flodash-es set size:undefined disposed:false
269 silly fetch manifest cssstyle@^4.1.0
270 silly packumentCache full:https://registry.npmjs.org/cssstyle cache-miss
271 http fetch GET 200 https://registry.npmjs.org/@types%2flodash 2373ms (cache miss)
272 silly packumentCache full:https://registry.npmjs.org/@types%2flodash set size:undefined disposed:false
273 silly fetch manifest data-urls@^5.0.0
274 silly packumentCache full:https://registry.npmjs.org/data-urls cache-miss
275 http fetch GET 200 https://registry.npmjs.org/undici-types 2434ms (cache miss)
276 silly packumentCache full:https://registry.npmjs.org/undici-types set size:undefined disposed:false
277 silly fetch manifest form-data@^4.0.0
278 silly packumentCache full:https://registry.npmjs.org/form-data cache-miss
279 http cache https://registry.npmjs.org/form-data 9ms (cache hit)
280 silly packumentCache full:https://registry.npmjs.org/form-data set size:153646 disposed:false
281 silly fetch manifest decimal.js@^10.4.3
282 silly packumentCache full:https://registry.npmjs.org/decimal.js cache-miss
283 http fetch GET 200 https://registry.npmjs.org/@ctrl%2ftinycolor 2454ms (cache miss)
284 silly packumentCache full:https://registry.npmjs.org/@ctrl%2ftinycolor set size:undefined disposed:false
285 silly fetch manifest whatwg-url@^14.0.0
286 silly packumentCache full:https://registry.npmjs.org/whatwg-url cache-miss
287 http fetch GET 200 https://registry.npmjs.org/follow-redirects 2499ms (cache miss)
288 silly packumentCache full:https://registry.npmjs.org/follow-redirects set size:undefined disposed:false
289 silly fetch manifest rrweb-cssom@^0.7.1
290 silly packumentCache full:https://registry.npmjs.org/rrweb-cssom cache-miss
291 http fetch GET 200 https://registry.npmjs.org/lodash 2698ms (cache miss)
292 silly packumentCache full:https://registry.npmjs.org/lodash set size:undefined disposed:false
293 silly fetch manifest symbol-tree@^3.2.4
294 silly packumentCache full:https://registry.npmjs.org/symbol-tree cache-miss
295 http fetch GET 200 https://registry.npmjs.org/lodash-unified 2701ms (cache miss)
296 silly packumentCache full:https://registry.npmjs.org/lodash-unified set size:undefined disposed:false
297 silly fetch manifest tough-cookie@^5.0.0
298 silly packumentCache full:https://registry.npmjs.org/tough-cookie cache-miss
299 http fetch GET 200 https://registry.npmjs.org/lodash-es 2736ms (cache miss)
300 silly packumentCache full:https://registry.npmjs.org/lodash-es set size:undefined disposed:false
301 silly fetch manifest whatwg-encoding@^3.1.1
302 silly packumentCache full:https://registry.npmjs.org/whatwg-encoding cache-miss
303 http fetch GET 200 https://registry.npmjs.org/@vue%2fshared 2805ms (cache miss)
304 silly packumentCache full:https://registry.npmjs.org/@vue%2fshared set size:undefined disposed:false
305 silly fetch manifest whatwg-mimetype@^4.0.0
306 silly packumentCache full:https://registry.npmjs.org/whatwg-mimetype cache-miss
307 http fetch GET 200 https://registry.npmjs.org/@vue%2fruntime-dom 2877ms (cache miss)
308 silly packumentCache full:https://registry.npmjs.org/@vue%2fruntime-dom set size:undefined disposed:false
309 silly fetch manifest http-proxy-agent@^7.0.2
310 silly packumentCache full:https://registry.npmjs.org/http-proxy-agent cache-miss
311 http fetch GET 200 https://registry.npmjs.org/normalize-wheel-es 1981ms (cache miss)
312 silly packumentCache full:https://registry.npmjs.org/normalize-wheel-es set size:undefined disposed:false
313 silly fetch manifest https-proxy-agent@^7.0.5
314 silly packumentCache full:https://registry.npmjs.org/https-proxy-agent cache-miss
315 http fetch GET 200 https://registry.npmjs.org/@sxzz%2fpopperjs-es 3282ms (cache miss)
316 silly packumentCache full:https://registry.npmjs.org/@sxzz%2fpopperjs-es set size:undefined disposed:false
317 silly fetch manifest w3c-xmlserializer@^5.0.0
318 silly packumentCache full:https://registry.npmjs.org/w3c-xmlserializer cache-miss
319 http fetch GET 200 https://registry.npmjs.org/async-validator 3286ms (cache miss)
320 silly packumentCache full:https://registry.npmjs.org/async-validator set size:undefined disposed:false
321 silly fetch manifest webidl-conversions@^7.0.0
322 silly packumentCache full:https://registry.npmjs.org/webidl-conversions cache-miss
323 http fetch GET 200 https://registry.npmjs.org/@vue%2fcompiler-core 3367ms (cache miss)
324 silly packumentCache full:https://registry.npmjs.org/@vue%2fcompiler-core set size:undefined disposed:false
325 silly fetch manifest xml-name-validator@^5.0.0
326 silly packumentCache full:https://registry.npmjs.org/xml-name-validator cache-miss
327 http fetch GET 200 https://registry.npmjs.org/vue-component-type-helpers 2096ms (cache miss)
328 silly packumentCache full:https://registry.npmjs.org/vue-component-type-helpers set size:undefined disposed:false
329 silly fetch manifest html-encoding-sniffer@^4.0.0
330 silly packumentCache full:https://registry.npmjs.org/html-encoding-sniffer cache-miss
331 http fetch GET 200 https://registry.npmjs.org/vue-component-type-helpers 3567ms (cache miss)
332 silly packumentCache full:https://registry.npmjs.org/vue-component-type-helpers set size:undefined disposed:false
333 silly fetch manifest is-potential-custom-element-name@^1.0.1
334 silly packumentCache full:https://registry.npmjs.org/is-potential-custom-element-name cache-miss
335 http fetch GET 200 https://registry.npmjs.org/@vue%2fcompiler-sfc 3643ms (cache miss)
336 silly packumentCache full:https://registry.npmjs.org/@vue%2fcompiler-sfc set size:undefined disposed:false
337 silly fetch manifest vue-demi@^0.14.10
338 silly packumentCache full:https://registry.npmjs.org/vue-demi cache-miss
339 http fetch GET 200 https://registry.npmjs.org/data-urls 1301ms (cache miss)
340 silly packumentCache full:https://registry.npmjs.org/data-urls set size:undefined disposed:false
341 silly fetch manifest @vue/devtools-api@^6.6.3
342 silly packumentCache full:https://registry.npmjs.org/@vue%2fdevtools-api cache-miss
343 http fetch GET 200 https://registry.npmjs.org/decimal.js 1350ms (cache miss)
344 silly packumentCache full:https://registry.npmjs.org/decimal.js set size:undefined disposed:false
345 silly fetch manifest chai@^5.1.2
346 silly packumentCache full:https://registry.npmjs.org/chai cache-miss
347 http fetch GET 200 https://registry.npmjs.org/js-beautify 3836ms (cache miss)
348 silly packumentCache full:https://registry.npmjs.org/js-beautify set size:undefined disposed:false
349 silly fetch manifest vite@^5.0.0
350 silly packumentCache full:https://registry.npmjs.org/vite cache-miss
351 http cache https://registry.npmjs.org/vite 78ms (cache hit)
352 silly packumentCache full:https://registry.npmjs.org/vite set size:38832758 disposed:false
353 silly fetch manifest debug@^4.3.7
354 silly packumentCache full:https://registry.npmjs.org/debug cache-miss
355 http fetch GET 200 https://registry.npmjs.org/nwsapi 2274ms (cache miss)
356 silly packumentCache full:https://registry.npmjs.org/nwsapi set size:undefined disposed:false
357 silly fetch manifest pathe@^1.1.2
358 silly packumentCache full:https://registry.npmjs.org/pathe cache-miss
359 http fetch GET 200 https://registry.npmjs.org/parse5 2084ms (cache miss)
360 silly packumentCache full:https://registry.npmjs.org/parse5 set size:undefined disposed:false
361 silly fetch manifest std-env@^3.8.0
362 silly packumentCache full:https://registry.npmjs.org/std-env cache-miss
363 http fetch GET 200 https://registry.npmjs.org/symbol-tree 1380ms (cache miss)
364 silly packumentCache full:https://registry.npmjs.org/symbol-tree set size:undefined disposed:false
365 silly fetch manifest tinyexec@^0.3.1
366 silly packumentCache full:https://registry.npmjs.org/tinyexec cache-miss
367 http fetch GET 200 https://registry.npmjs.org/cssstyle 1723ms (cache miss)
368 silly packumentCache full:https://registry.npmjs.org/cssstyle set size:undefined disposed:false
369 silly fetch manifest tinypool@^1.0.1
370 silly packumentCache full:https://registry.npmjs.org/tinypool cache-miss
371 http fetch GET 200 https://registry.npmjs.org/esbuild 4100ms (cache miss)
372 silly packumentCache full:https://registry.npmjs.org/esbuild set size:undefined disposed:false
373 silly fetch manifest tinybench@^2.9.0
374 silly packumentCache full:https://registry.npmjs.org/tinybench cache-miss
375 http fetch GET 200 https://registry.npmjs.org/@vueuse%2fcore 4112ms (cache miss)
376 silly packumentCache full:https://registry.npmjs.org/@vueuse%2fcore set size:undefined disposed:false
377 silly fetch manifest vite-node@2.1.9
378 silly packumentCache full:https://registry.npmjs.org/vite-node cache-miss
379 http fetch GET 200 https://registry.npmjs.org/tough-cookie 1422ms (cache miss)
380 silly packumentCache full:https://registry.npmjs.org/tough-cookie set size:undefined disposed:false
381 silly fetch manifest @vitest/spy@2.1.9
382 silly packumentCache full:https://registry.npmjs.org/@vitest%2fspy cache-miss
383 http fetch GET 200 https://registry.npmjs.org/whatwg-url 1684ms (cache miss)
384 silly packumentCache full:https://registry.npmjs.org/whatwg-url set size:undefined disposed:false
385 silly fetch manifest expect-type@^1.1.0
386 silly packumentCache full:https://registry.npmjs.org/expect-type cache-miss
387 http fetch GET 200 https://registry.npmjs.org/whatwg-mimetype 1370ms (cache miss)
388 silly packumentCache full:https://registry.npmjs.org/whatwg-mimetype set size:undefined disposed:false
389 silly fetch manifest tinyrainbow@^1.2.0
390 silly packumentCache full:https://registry.npmjs.org/tinyrainbow cache-miss
391 http fetch GET 200 https://registry.npmjs.org/rrweb-cssom 1769ms (cache miss)
392 silly packumentCache full:https://registry.npmjs.org/rrweb-cssom set size:undefined disposed:false
393 silly fetch manifest magic-string@^0.30.12
394 silly packumentCache full:https://registry.npmjs.org/magic-string cache-miss
395 http fetch GET 200 https://registry.npmjs.org/fdir 4363ms (cache miss)
396 silly packumentCache full:https://registry.npmjs.org/fdir set size:undefined disposed:false
397 silly fetch manifest @vitest/utils@2.1.9
398 silly packumentCache full:https://registry.npmjs.org/@vitest%2futils cache-miss
399 http fetch GET 200 https://registry.npmjs.org/saxes 2789ms (cache miss)
400 silly packumentCache full:https://registry.npmjs.org/saxes set size:undefined disposed:false
401 silly fetch manifest @vitest/expect@2.1.9
402 silly packumentCache full:https://registry.npmjs.org/@vitest%2fexpect cache-miss
403 http fetch GET 200 https://registry.npmjs.org/memoize-one 3651ms (cache miss)
404 silly packumentCache full:https://registry.npmjs.org/memoize-one set size:undefined disposed:false
405 silly fetch manifest @vitest/mocker@2.1.9
406 silly packumentCache full:https://registry.npmjs.org/@vitest%2fmocker cache-miss
407 http fetch GET 200 https://registry.npmjs.org/http-proxy-agent 1811ms (cache miss)
408 silly packumentCache full:https://registry.npmjs.org/http-proxy-agent set size:undefined disposed:false
409 silly fetch manifest @vitest/runner@2.1.9
410 silly packumentCache full:https://registry.npmjs.org/@vitest%2frunner cache-miss
411 http fetch GET 200 https://registry.npmjs.org/webidl-conversions 1403ms (cache miss)
412 silly packumentCache full:https://registry.npmjs.org/webidl-conversions set size:undefined disposed:false
413 silly fetch manifest @vitest/snapshot@2.1.9
414 silly packumentCache full:https://registry.npmjs.org/@vitest%2fsnapshot cache-miss
415 http fetch GET 200 https://registry.npmjs.org/is-potential-custom-element-name 1188ms (cache miss)
416 silly packumentCache full:https://registry.npmjs.org/is-potential-custom-element-name set size:undefined disposed:false
417 silly fetch manifest why-is-node-running@^2.3.0
418 silly packumentCache full:https://registry.npmjs.org/why-is-node-running cache-miss
419 http fetch GET 200 https://registry.npmjs.org/html-encoding-sniffer 1264ms (cache miss)
420 silly packumentCache full:https://registry.npmjs.org/html-encoding-sniffer set size:undefined disposed:false
421 silly fetch manifest @vitest/pretty-format@^2.1.9
422 silly packumentCache full:https://registry.npmjs.org/@vitest%2fpretty-format cache-miss
423 http fetch GET 200 https://registry.npmjs.org/ws 3438ms (cache miss)
424 silly packumentCache full:https://registry.npmjs.org/ws set size:undefined disposed:false
425 silly fetch manifest @vue/devtools-api@^6.6.4
426 silly packumentCache full:https://registry.npmjs.org/@vue%2fdevtools-api cache-miss
427 http fetch GET 200 https://registry.npmjs.org/pathe 827ms (cache miss)
428 silly packumentCache full:https://registry.npmjs.org/pathe set size:undefined disposed:false
429 silly fetch manifest @volar/typescript@2.4.15
430 silly packumentCache full:https://registry.npmjs.org/@volar%2ftypescript cache-miss
431 http fetch GET 200 https://registry.npmjs.org/w3c-xmlserializer 1704ms (cache miss)
432 silly packumentCache full:https://registry.npmjs.org/w3c-xmlserializer set size:undefined disposed:false
433 silly fetch manifest @vue/language-core@2.2.12
434 silly packumentCache full:https://registry.npmjs.org/@vue%2flanguage-core cache-miss
435 http fetch GET 200 https://registry.npmjs.org/whatwg-encoding 2319ms (cache miss)
436 silly packumentCache full:https://registry.npmjs.org/whatwg-encoding set size:undefined disposed:false
437 http fetch GET 200 https://registry.npmjs.org/https-proxy-agent 1800ms (cache miss)
438 silly packumentCache full:https://registry.npmjs.org/https-proxy-agent set size:undefined disposed:false
439 http fetch GET 200 https://registry.npmjs.org/tinybench 975ms (cache miss)
440 silly packumentCache full:https://registry.npmjs.org/tinybench set size:undefined disposed:false
441 http fetch GET 200 https://registry.npmjs.org/@vitest%2fspy 1145ms (cache miss)
442 silly packumentCache full:https://registry.npmjs.org/@vitest%2fspy set size:undefined disposed:false
443 http fetch GET 200 https://registry.npmjs.org/tinypool 1298ms (cache miss)
444 silly packumentCache full:https://registry.npmjs.org/tinypool set size:undefined disposed:false
445 http fetch GET 200 https://registry.npmjs.org/xml-name-validator 2024ms (cache miss)
446 silly packumentCache full:https://registry.npmjs.org/xml-name-validator set size:undefined disposed:false
447 http fetch GET 200 https://registry.npmjs.org/vue-demi 1873ms (cache miss)
448 silly packumentCache full:https://registry.npmjs.org/vue-demi set size:undefined disposed:false
449 http fetch GET 200 https://registry.npmjs.org/chai 1772ms (cache miss)
450 silly packumentCache full:https://registry.npmjs.org/chai set size:undefined disposed:false
451 http fetch GET 200 https://registry.npmjs.org/debug 1524ms (cache miss)
452 silly packumentCache full:https://registry.npmjs.org/debug set size:undefined disposed:false
453 http fetch GET 200 https://registry.npmjs.org/tinyexec 1487ms (cache miss)
454 silly packumentCache full:https://registry.npmjs.org/tinyexec set size:undefined disposed:false
455 http fetch GET 200 https://registry.npmjs.org/tinyrainbow 1428ms (cache miss)
456 silly packumentCache full:https://registry.npmjs.org/tinyrainbow set size:undefined disposed:false
457 http fetch GET 200 https://registry.npmjs.org/std-env 1711ms (cache miss)
458 silly packumentCache full:https://registry.npmjs.org/std-env set size:undefined disposed:false
459 http fetch GET 200 https://registry.npmjs.org/@vitest%2fmocker 1376ms (cache miss)
460 silly packumentCache full:https://registry.npmjs.org/@vitest%2fmocker set size:undefined disposed:false
461 http fetch GET 200 https://registry.npmjs.org/@vitest%2futils 1631ms (cache miss)
462 silly packumentCache full:https://registry.npmjs.org/@vitest%2futils set size:undefined disposed:false
463 http fetch GET 200 https://registry.npmjs.org/why-is-node-running 1245ms (cache miss)
464 silly packumentCache full:https://registry.npmjs.org/why-is-node-running set size:undefined disposed:false
465 http fetch GET 200 https://registry.npmjs.org/expect-type 1905ms (cache miss)
466 silly packumentCache full:https://registry.npmjs.org/expect-type set size:undefined disposed:false
467 http fetch GET 200 https://registry.npmjs.org/magic-string 1952ms (cache miss)
468 silly packumentCache full:https://registry.npmjs.org/magic-string set size:undefined disposed:false
469 http fetch GET 200 https://registry.npmjs.org/@vitest%2fexpect 1796ms (cache miss)
470 silly packumentCache full:https://registry.npmjs.org/@vitest%2fexpect set size:undefined disposed:false
471 http fetch GET 200 https://registry.npmjs.org/rollup 6262ms (cache miss)
472 silly packumentCache full:https://registry.npmjs.org/rollup set size:undefined disposed:false
473 http fetch GET 200 https://registry.npmjs.org/@vitest%2frunner 1605ms (cache miss)
474 silly packumentCache full:https://registry.npmjs.org/@vitest%2frunner set size:undefined disposed:false
475 http fetch GET 200 https://registry.npmjs.org/@vitest%2fpretty-format 1800ms (cache miss)
476 silly packumentCache full:https://registry.npmjs.org/@vitest%2fpretty-format set size:undefined disposed:false
477 http fetch GET 200 https://registry.npmjs.org/@vue%2flanguage-core 1834ms (cache miss)
478 silly packumentCache full:https://registry.npmjs.org/@vue%2flanguage-core set size:undefined disposed:false
479 http fetch GET 200 https://registry.npmjs.org/@vitest%2fsnapshot 2146ms (cache miss)
480 silly packumentCache full:https://registry.npmjs.org/@vitest%2fsnapshot set size:undefined disposed:false
481 http fetch GET 200 https://registry.npmjs.org/@volar%2ftypescript 1991ms (cache miss)
482 silly packumentCache full:https://registry.npmjs.org/@volar%2ftypescript set size:undefined disposed:false
483 http fetch GET 200 https://registry.npmjs.org/@vue%2fdevtools-api 2041ms (cache miss)
484 silly packumentCache full:https://registry.npmjs.org/@vue%2fdevtools-api set size:undefined disposed:false
485 http fetch GET 200 https://registry.npmjs.org/@vue%2fdevtools-api 3224ms (cache miss)
486 silly packumentCache full:https://registry.npmjs.org/@vue%2fdevtools-api set size:undefined disposed:false
487 http fetch GET 200 https://registry.npmjs.org/vite-node 2838ms (cache miss)
488 silly packumentCache full:https://registry.npmjs.org/vite-node set size:undefined disposed:false
489 silly placeDep ROOT undici-types@6.21.0 OK for: @types/node@22.19.19 want: ~6.21.0
490 silly placeDep ROOT @vue/compiler-core@3.5.34 OK for: @vue/compiler-dom@3.5.34 want: 3.5.34
491 silly placeDep ROOT @vue/shared@3.5.34 OK for: @vue/compiler-dom@3.5.34 want: 3.5.34
492 silly fetch manifest entities@^7.0.1
493 silly packumentCache full:https://registry.npmjs.org/entities cache-miss
494 silly fetch manifest @babel/parser@^7.29.3
495 silly packumentCache full:https://registry.npmjs.org/@babel%2fparser cache-miss
496 silly fetch manifest estree-walker@^2.0.2
497 silly packumentCache full:https://registry.npmjs.org/estree-walker cache-miss
498 silly fetch manifest source-map-js@^1.2.1
499 silly packumentCache full:https://registry.npmjs.org/source-map-js cache-miss
500 http fetch GET 200 https://registry.npmjs.org/source-map-js 325ms (cache miss)
501 silly packumentCache full:https://registry.npmjs.org/source-map-js set size:undefined disposed:false
502 http fetch GET 200 https://registry.npmjs.org/entities 699ms (cache miss)
503 silly packumentCache full:https://registry.npmjs.org/entities set size:undefined disposed:false
504 http fetch GET 200 https://registry.npmjs.org/estree-walker 1006ms (cache miss)
505 silly packumentCache full:https://registry.npmjs.org/estree-walker set size:undefined disposed:false
506 http fetch GET 200 https://registry.npmjs.org/@babel%2fparser 1010ms (cache miss)
507 silly packumentCache full:https://registry.npmjs.org/@babel%2fparser set size:undefined disposed:false
508 silly placeDep ROOT @babel/parser@7.29.3 OK for: @vue/compiler-core@3.5.34 want: ^7.29.3
509 silly placeDep ROOT entities@7.0.1 OK for: @vue/compiler-core@3.5.34 want: ^7.0.1
510 silly placeDep ROOT estree-walker@2.0.2 OK for: @vue/compiler-core@3.5.34 want: ^2.0.2
511 silly placeDep ROOT source-map-js@1.2.1 OK for: @vue/compiler-core@3.5.34 want: ^1.2.1
512 silly fetch manifest @babel/types@^7.29.0
513 silly packumentCache full:https://registry.npmjs.org/@babel%2ftypes cache-miss
514 http fetch GET 200 https://registry.npmjs.org/@babel%2ftypes 4424ms (cache miss)
515 silly packumentCache full:https://registry.npmjs.org/@babel%2ftypes set size:undefined disposed:false
516 silly placeDep ROOT @babel/types@7.29.0 OK for: @babel/parser@7.29.3 want: ^7.29.0
517 silly fetch manifest @babel/helper-string-parser@^7.27.1
518 silly packumentCache full:https://registry.npmjs.org/@babel%2fhelper-string-parser cache-miss
519 silly fetch manifest @babel/helper-validator-identifier@^7.28.5
520 silly packumentCache full:https://registry.npmjs.org/@babel%2fhelper-validator-identifier cache-miss
521 http fetch GET 200 https://registry.npmjs.org/@babel%2fhelper-validator-identifier 687ms (cache miss)
522 silly packumentCache full:https://registry.npmjs.org/@babel%2fhelper-validator-identifier set size:undefined disposed:false
523 http fetch GET 200 https://registry.npmjs.org/@babel%2fhelper-string-parser 1540ms (cache miss)
524 silly packumentCache full:https://registry.npmjs.org/@babel%2fhelper-string-parser set size:undefined disposed:false
525 silly placeDep ROOT @babel/helper-string-parser@7.27.1 OK for: @babel/types@7.29.0 want: ^7.27.1
526 silly placeDep ROOT @babel/helper-validator-identifier@7.28.5 OK for: @babel/types@7.29.0 want: ^7.28.5
527 silly placeDep ROOT js-beautify@1.15.4 OK for: @vue/test-utils@2.4.10 want: ^1.14.9
528 silly placeDep ROOT vue-component-type-helpers@3.2.8 OK for: @vue/test-utils@2.4.10 want: ^3.0.0
529 silly fetch manifest config-chain@^1.1.13
530 silly packumentCache full:https://registry.npmjs.org/config-chain cache-miss
531 silly fetch manifest editorconfig@^1.0.4
532 silly packumentCache full:https://registry.npmjs.org/editorconfig cache-miss
533 silly fetch manifest glob@^10.4.2
534 silly packumentCache full:https://registry.npmjs.org/glob cache-miss
535 silly fetch manifest js-cookie@^3.0.5
536 silly packumentCache full:https://registry.npmjs.org/js-cookie cache-miss
537 silly fetch manifest nopt@^7.2.1
538 silly packumentCache full:https://registry.npmjs.org/nopt cache-miss
539 http fetch GET 200 https://registry.npmjs.org/editorconfig 686ms (cache miss)
540 silly packumentCache full:https://registry.npmjs.org/editorconfig set size:undefined disposed:false
541 http fetch GET 200 https://registry.npmjs.org/js-cookie 728ms (cache miss)
542 silly packumentCache full:https://registry.npmjs.org/js-cookie set size:undefined disposed:false
543 http fetch GET 200 https://registry.npmjs.org/config-chain 972ms (cache miss)
544 silly packumentCache full:https://registry.npmjs.org/config-chain set size:undefined disposed:false
545 http fetch GET 200 https://registry.npmjs.org/glob 1011ms (cache miss)
546 silly packumentCache full:https://registry.npmjs.org/glob set size:undefined disposed:false
547 http fetch GET 200 https://registry.npmjs.org/nopt 1257ms (cache miss)
548 silly packumentCache full:https://registry.npmjs.org/nopt set size:undefined disposed:false
549 silly placeDep ROOT follow-redirects@1.16.0 OK for: axios@1.16.0 want: ^1.16.0
550 silly placeDep ROOT form-data@4.0.5 OK for: axios@1.16.0 want: ^4.0.5
551 silly placeDep ROOT proxy-from-env@2.1.0 OK for: axios@1.16.0 want: ^2.1.0
552 silly fetch manifest asynckit@^0.4.0
553 silly packumentCache full:https://registry.npmjs.org/asynckit cache-miss
554 silly fetch manifest combined-stream@^1.0.8
555 silly packumentCache full:https://registry.npmjs.org/combined-stream cache-miss
556 silly fetch manifest es-set-tostringtag@^2.1.0
557 silly packumentCache full:https://registry.npmjs.org/es-set-tostringtag cache-miss
558 silly fetch manifest hasown@^2.0.2
559 silly packumentCache full:https://registry.npmjs.org/hasown cache-miss
560 silly fetch manifest mime-types@^2.1.12
561 silly packumentCache full:https://registry.npmjs.org/mime-types cache-miss
562 http fetch GET 200 https://registry.npmjs.org/hasown 321ms (cache miss)
563 silly packumentCache full:https://registry.npmjs.org/hasown set size:undefined disposed:false
564 http fetch GET 200 https://registry.npmjs.org/asynckit 627ms (cache miss)
565 silly packumentCache full:https://registry.npmjs.org/asynckit set size:undefined disposed:false
566 http fetch GET 200 https://registry.npmjs.org/es-set-tostringtag 663ms (cache miss)
567 silly packumentCache full:https://registry.npmjs.org/es-set-tostringtag set size:undefined disposed:false
568 http fetch GET 200 https://registry.npmjs.org/combined-stream 670ms (cache miss)
569 silly packumentCache full:https://registry.npmjs.org/combined-stream set size:undefined disposed:false
570 http fetch GET 200 https://registry.npmjs.org/mime-types 705ms (cache miss)
571 silly packumentCache full:https://registry.npmjs.org/mime-types set size:undefined disposed:false
572 silly fetch manifest vue@^3.3.7
573 silly packumentCache full:https://registry.npmjs.org/vue cache-miss
574 http cache https://registry.npmjs.org/vue 11ms (cache hit)
575 silly packumentCache full:https://registry.npmjs.org/vue set size:2032433 disposed:false
576 silly fetch manifest typescript@*
577 silly packumentCache full:https://registry.npmjs.org/typescript cache-miss
578 http cache https://registry.npmjs.org/typescript 39ms (cache hit)
579 silly packumentCache full:https://registry.npmjs.org/typescript set size:15409943 disposed:false
580 silly placeDep ROOT @ctrl/tinycolor@4.2.0 OK for: element-plus@2.14.0 want: ^4.2.0
581 silly placeDep ROOT @floating-ui/dom@1.7.6 OK for: element-plus@2.14.0 want: ^1.0.1
582 silly placeDep ROOT @popperjs/core@2.11.8 OK for: element-plus@2.14.0 want: npm:@sxzz/popperjs-es@^2.11.8
583 silly placeDep ROOT @types/lodash@4.17.24 OK for: element-plus@2.14.0 want: ^4.17.24
584 silly placeDep ROOT @types/lodash-es@4.17.12 OK for: element-plus@2.14.0 want: ^4.17.12
585 silly placeDep ROOT @vueuse/core@14.3.0 OK for: element-plus@2.14.0 want: 14.3.0
586 silly placeDep ROOT async-validator@4.2.5 OK for: element-plus@2.14.0 want: ^4.2.5
587 silly placeDep ROOT lodash@4.18.1 OK for: element-plus@2.14.0 want: ^4.18.1
588 silly placeDep ROOT lodash-es@4.18.1 OK for: element-plus@2.14.0 want: ^4.18.1
589 silly placeDep ROOT lodash-unified@1.0.3 OK for: element-plus@2.14.0 want: ^1.0.3
590 silly placeDep ROOT memoize-one@6.0.0 OK for: element-plus@2.14.0 want: ^6.0.0
591 silly placeDep ROOT normalize-wheel-es@1.2.0 OK for: element-plus@2.14.0 want: ^1.2.0
592 silly fetch manifest @floating-ui/core@^1.7.5
593 silly packumentCache full:https://registry.npmjs.org/@floating-ui%2fcore cache-miss
594 silly fetch manifest @floating-ui/utils@^0.2.11
595 silly packumentCache full:https://registry.npmjs.org/@floating-ui%2futils cache-miss
596 silly fetch manifest @types/web-bluetooth@^0.0.21
597 silly packumentCache full:https://registry.npmjs.org/@types%2fweb-bluetooth cache-miss
598 silly fetch manifest @vueuse/metadata@14.3.0
599 silly packumentCache full:https://registry.npmjs.org/@vueuse%2fmetadata cache-miss
600 silly fetch manifest @vueuse/shared@14.3.0
601 silly packumentCache full:https://registry.npmjs.org/@vueuse%2fshared cache-miss
602 http fetch GET 200 https://registry.npmjs.org/@types%2fweb-bluetooth 611ms (cache miss)
603 silly packumentCache full:https://registry.npmjs.org/@types%2fweb-bluetooth set size:undefined disposed:false
604 http fetch GET 200 https://registry.npmjs.org/@floating-ui%2futils 661ms (cache miss)
605 silly packumentCache full:https://registry.npmjs.org/@floating-ui%2futils set size:undefined disposed:false
606 http fetch GET 200 https://registry.npmjs.org/@floating-ui%2fcore 1447ms (cache miss)
607 silly packumentCache full:https://registry.npmjs.org/@floating-ui%2fcore set size:undefined disposed:false
608 http fetch GET 200 https://registry.npmjs.org/@vueuse%2fmetadata 1937ms (cache miss)
609 silly packumentCache full:https://registry.npmjs.org/@vueuse%2fmetadata set size:undefined disposed:false
610 http fetch GET 200 https://registry.npmjs.org/@vueuse%2fshared 2031ms (cache miss)
611 silly packumentCache full:https://registry.npmjs.org/@vueuse%2fshared set size:undefined disposed:false
612 silly placeDep ROOT @floating-ui/core@1.7.5 OK for: @floating-ui/dom@1.7.6 want: ^1.7.5
613 silly placeDep ROOT @floating-ui/utils@0.2.11 OK for: @floating-ui/dom@1.7.6 want: ^0.2.11
614 silly fetch manifest vue@^3.5.0
615 silly packumentCache full:https://registry.npmjs.org/vue cache-miss
616 http cache https://registry.npmjs.org/vue 13ms (cache hit)
617 silly packumentCache full:https://registry.npmjs.org/vue set size:2032433 disposed:false
618 silly placeDep ROOT @types/web-bluetooth@0.0.21 OK for: @vueuse/core@14.3.0 want: ^0.0.21
619 silly placeDep ROOT @vueuse/metadata@14.3.0 OK for: @vueuse/core@14.3.0 want: 14.3.0
620 silly placeDep ROOT @vueuse/shared@14.3.0 OK for: @vueuse/core@14.3.0 want: 14.3.0
621 silly placeDep ROOT asynckit@0.4.0 OK for: form-data@4.0.5 want: ^0.4.0
622 silly placeDep ROOT combined-stream@1.0.8 OK for: form-data@4.0.5 want: ^1.0.8
623 silly placeDep ROOT es-set-tostringtag@2.1.0 OK for: form-data@4.0.5 want: ^2.1.0
624 silly placeDep ROOT hasown@2.0.3 OK for: form-data@4.0.5 want: ^2.0.2
625 silly placeDep ROOT mime-types@2.1.35 OK for: form-data@4.0.5 want: ^2.1.12
626 silly fetch manifest delayed-stream@~1.0.0
627 silly packumentCache full:https://registry.npmjs.org/delayed-stream cache-miss
628 silly fetch manifest es-errors@^1.3.0
629 silly packumentCache full:https://registry.npmjs.org/es-errors cache-miss
630 silly fetch manifest get-intrinsic@^1.2.6
631 silly packumentCache full:https://registry.npmjs.org/get-intrinsic cache-miss
632 silly fetch manifest has-tostringtag@^1.0.2
633 silly packumentCache full:https://registry.npmjs.org/has-tostringtag cache-miss
634 silly fetch manifest function-bind@^1.1.2
635 silly packumentCache full:https://registry.npmjs.org/function-bind cache-miss
636 silly fetch manifest mime-db@1.52.0
637 silly packumentCache full:https://registry.npmjs.org/mime-db cache-miss
638 http fetch GET 200 https://registry.npmjs.org/function-bind 347ms (cache miss)
639 silly packumentCache full:https://registry.npmjs.org/function-bind set size:undefined disposed:false
640 http fetch GET 200 https://registry.npmjs.org/has-tostringtag 646ms (cache miss)
641 silly packumentCache full:https://registry.npmjs.org/has-tostringtag set size:undefined disposed:false
642 http fetch GET 200 https://registry.npmjs.org/get-intrinsic 1002ms (cache miss)
643 silly packumentCache full:https://registry.npmjs.org/get-intrinsic set size:undefined disposed:false
644 http fetch GET 200 https://registry.npmjs.org/es-errors 1004ms (cache miss)
645 silly packumentCache full:https://registry.npmjs.org/es-errors set size:undefined disposed:false
646 http fetch GET 200 https://registry.npmjs.org/delayed-stream 1192ms (cache miss)
647 silly packumentCache full:https://registry.npmjs.org/delayed-stream set size:undefined disposed:false
648 http fetch GET 200 https://registry.npmjs.org/mime-db 1529ms (cache miss)
649 silly packumentCache full:https://registry.npmjs.org/mime-db set size:undefined disposed:false
650 silly placeDep ROOT delayed-stream@1.0.0 OK for: combined-stream@1.0.8 want: ~1.0.0
651 silly placeDep ROOT es-errors@1.3.0 OK for: es-set-tostringtag@2.1.0 want: ^1.3.0
652 silly placeDep ROOT get-intrinsic@1.3.0 OK for: es-set-tostringtag@2.1.0 want: ^1.2.6
653 silly placeDep ROOT has-tostringtag@1.0.2 OK for: es-set-tostringtag@2.1.0 want: ^1.0.2
654 silly fetch manifest gopd@^1.2.0
655 silly packumentCache full:https://registry.npmjs.org/gopd cache-miss
656 silly fetch manifest get-proto@^1.0.1
657 silly packumentCache full:https://registry.npmjs.org/get-proto cache-miss
658 silly fetch manifest has-symbols@^1.1.0
659 silly packumentCache full:https://registry.npmjs.org/has-symbols cache-miss
660 silly fetch manifest es-object-atoms@^1.1.1
661 silly packumentCache full:https://registry.npmjs.org/es-object-atoms cache-miss
662 silly fetch manifest math-intrinsics@^1.1.0
663 silly packumentCache full:https://registry.npmjs.org/math-intrinsics cache-miss
664 silly fetch manifest es-define-property@^1.0.1
665 silly packumentCache full:https://registry.npmjs.org/es-define-property cache-miss
666 silly fetch manifest call-bind-apply-helpers@^1.0.2
667 silly packumentCache full:https://registry.npmjs.org/call-bind-apply-helpers cache-miss
668 silly fetch manifest has-symbols@^1.0.3
669 silly packumentCache full:https://registry.npmjs.org/has-symbols cache-miss
670 http fetch GET 200 https://registry.npmjs.org/gopd 301ms (cache miss)
671 silly packumentCache full:https://registry.npmjs.org/gopd set size:undefined disposed:false
672 http fetch GET 200 https://registry.npmjs.org/get-proto 493ms (cache miss)
673 silly packumentCache full:https://registry.npmjs.org/get-proto set size:undefined disposed:false
674 http fetch GET 200 https://registry.npmjs.org/has-symbols 494ms (cache miss)
675 silly packumentCache full:https://registry.npmjs.org/has-symbols set size:undefined disposed:false
676 http fetch GET 200 https://registry.npmjs.org/es-define-property 495ms (cache miss)
677 silly packumentCache full:https://registry.npmjs.org/es-define-property set size:undefined disposed:false
678 http fetch GET 200 https://registry.npmjs.org/call-bind-apply-helpers 496ms (cache miss)
679 silly packumentCache full:https://registry.npmjs.org/call-bind-apply-helpers set size:undefined disposed:false
680 http fetch GET 200 https://registry.npmjs.org/math-intrinsics 500ms (cache miss)
681 silly packumentCache full:https://registry.npmjs.org/math-intrinsics set size:undefined disposed:false
682 http fetch GET 200 https://registry.npmjs.org/has-symbols 856ms (cache miss)
683 silly packumentCache full:https://registry.npmjs.org/has-symbols set size:undefined disposed:false
684 http fetch GET 200 https://registry.npmjs.org/es-object-atoms 856ms (cache miss)
685 silly packumentCache full:https://registry.npmjs.org/es-object-atoms set size:undefined disposed:false
686 silly placeDep ROOT call-bind-apply-helpers@1.0.2 OK for: get-intrinsic@1.3.0 want: ^1.0.2
687 silly placeDep ROOT es-define-property@1.0.1 OK for: get-intrinsic@1.3.0 want: ^1.0.1
688 silly placeDep ROOT es-object-atoms@1.1.1 OK for: get-intrinsic@1.3.0 want: ^1.1.1
689 silly placeDep ROOT function-bind@1.1.2 OK for: get-intrinsic@1.3.0 want: ^1.1.2
690 silly placeDep ROOT get-proto@1.0.1 OK for: get-intrinsic@1.3.0 want: ^1.0.1
691 silly placeDep ROOT gopd@1.2.0 OK for: get-intrinsic@1.3.0 want: ^1.2.0
692 silly placeDep ROOT has-symbols@1.1.0 OK for: get-intrinsic@1.3.0 want: ^1.1.0
693 silly placeDep ROOT math-intrinsics@1.1.0 OK for: get-intrinsic@1.3.0 want: ^1.1.0
694 silly fetch manifest dunder-proto@^1.0.1
695 silly packumentCache full:https://registry.npmjs.org/dunder-proto cache-miss
696 http fetch GET 200 https://registry.npmjs.org/dunder-proto 287ms (cache miss)
697 silly packumentCache full:https://registry.npmjs.org/dunder-proto set size:undefined disposed:false
698 silly placeDep ROOT dunder-proto@1.0.1 OK for: get-proto@1.0.1 want: ^1.0.1
699 silly placeDep ROOT config-chain@1.1.13 OK for: js-beautify@1.15.4 want: ^1.1.13
700 silly placeDep ROOT editorconfig@1.0.7 OK for: js-beautify@1.15.4 want: ^1.0.4
701 silly placeDep ROOT glob@10.5.0 OK for: js-beautify@1.15.4 want: ^10.4.2
702 silly placeDep ROOT js-cookie@3.0.5 OK for: js-beautify@1.15.4 want: ^3.0.5
703 silly placeDep ROOT nopt@7.2.1 OK for: js-beautify@1.15.4 want: ^7.2.1
704 silly fetch manifest proto-list@~1.2.1
705 silly packumentCache full:https://registry.npmjs.org/proto-list cache-miss
706 silly fetch manifest ini@^1.3.4
707 silly packumentCache full:https://registry.npmjs.org/ini cache-miss
708 silly fetch manifest semver@^7.5.3
709 silly packumentCache full:https://registry.npmjs.org/semver cache-miss
710 silly fetch manifest commander@^10.0.0
711 silly packumentCache full:https://registry.npmjs.org/commander cache-miss
712 silly fetch manifest minimatch@^9.0.1
713 silly packumentCache full:https://registry.npmjs.org/minimatch cache-miss
714 silly fetch manifest @one-ini/wasm@0.1.1
715 silly packumentCache full:https://registry.npmjs.org/@one-ini%2fwasm cache-miss
716 silly fetch manifest minipass@^7.1.2
717 silly packumentCache full:https://registry.npmjs.org/minipass cache-miss
718 silly fetch manifest jackspeak@^3.1.2
719 silly packumentCache full:https://registry.npmjs.org/jackspeak cache-miss
720 silly fetch manifest minimatch@^9.0.4
721 silly packumentCache full:https://registry.npmjs.org/minimatch cache-miss
722 silly fetch manifest path-scurry@^1.11.1
723 silly packumentCache full:https://registry.npmjs.org/path-scurry cache-miss
724 silly fetch manifest foreground-child@^3.1.0
725 silly packumentCache full:https://registry.npmjs.org/foreground-child cache-miss
726 silly fetch manifest package-json-from-dist@^1.0.0
727 silly packumentCache full:https://registry.npmjs.org/package-json-from-dist cache-miss
728 silly fetch manifest abbrev@^2.0.0
729 silly packumentCache full:https://registry.npmjs.org/abbrev cache-miss
730 http fetch GET 200 https://registry.npmjs.org/@one-ini%2fwasm 375ms (cache miss)
731 silly packumentCache full:https://registry.npmjs.org/@one-ini%2fwasm set size:undefined disposed:false
732 http fetch GET 200 https://registry.npmjs.org/proto-list 651ms (cache miss)
733 silly packumentCache full:https://registry.npmjs.org/proto-list set size:undefined disposed:false
734 http fetch GET 200 https://registry.npmjs.org/package-json-from-dist 649ms (cache miss)
735 silly packumentCache full:https://registry.npmjs.org/package-json-from-dist set size:undefined disposed:false
736 http fetch GET 200 https://registry.npmjs.org/abbrev 680ms (cache miss)
737 silly packumentCache full:https://registry.npmjs.org/abbrev set size:undefined disposed:false
738 http fetch GET 200 https://registry.npmjs.org/jackspeak 1061ms (cache miss)
739 silly packumentCache full:https://registry.npmjs.org/jackspeak set size:undefined disposed:false
740 http fetch GET 200 https://registry.npmjs.org/minipass 1076ms (cache miss)
741 silly packumentCache full:https://registry.npmjs.org/minipass set size:undefined disposed:false
742 http fetch GET 200 https://registry.npmjs.org/commander 1082ms (cache miss)
743 silly packumentCache full:https://registry.npmjs.org/commander set size:undefined disposed:false
744 http fetch GET 200 https://registry.npmjs.org/ini 1088ms (cache miss)
745 silly packumentCache full:https://registry.npmjs.org/ini set size:undefined disposed:false
746 http fetch GET 200 https://registry.npmjs.org/minimatch 1089ms (cache miss)
747 silly packumentCache full:https://registry.npmjs.org/minimatch set size:undefined disposed:false
748 http fetch GET 200 https://registry.npmjs.org/path-scurry 1091ms (cache miss)
749 silly packumentCache full:https://registry.npmjs.org/path-scurry set size:undefined disposed:false
750 http fetch GET 200 https://registry.npmjs.org/foreground-child 1239ms (cache miss)
751 silly packumentCache full:https://registry.npmjs.org/foreground-child set size:undefined disposed:false
752 http fetch GET 200 https://registry.npmjs.org/semver 1244ms (cache miss)
753 silly packumentCache full:https://registry.npmjs.org/semver set size:undefined disposed:false
754 http fetch GET 200 https://registry.npmjs.org/minimatch 1260ms (cache miss)
755 silly packumentCache full:https://registry.npmjs.org/minimatch set size:undefined disposed:false
756 silly placeDep ROOT ini@1.3.8 OK for: config-chain@1.1.13 want: ^1.3.4
757 silly placeDep ROOT proto-list@1.2.4 OK for: config-chain@1.1.13 want: ~1.2.1
758 silly placeDep ROOT @one-ini/wasm@0.1.1 OK for: editorconfig@1.0.7 want: 0.1.1
759 silly placeDep ROOT commander@10.0.1 OK for: editorconfig@1.0.7 want: ^10.0.0
760 silly placeDep ROOT minimatch@9.0.9 OK for: editorconfig@1.0.7 want: ^9.0.1
761 silly placeDep ROOT semver@7.8.0 OK for: editorconfig@1.0.7 want: ^7.5.3
762 silly fetch manifest brace-expansion@^2.0.2
763 silly packumentCache full:https://registry.npmjs.org/brace-expansion cache-miss
764 http fetch GET 200 https://registry.npmjs.org/brace-expansion 1057ms (cache miss)
765 silly packumentCache full:https://registry.npmjs.org/brace-expansion set size:undefined disposed:false
766 silly placeDep ROOT foreground-child@3.3.1 OK for: glob@10.5.0 want: ^3.1.0
767 silly placeDep ROOT jackspeak@3.4.3 OK for: glob@10.5.0 want: ^3.1.2
768 silly placeDep ROOT minipass@7.1.3 OK for: glob@10.5.0 want: ^7.1.2
769 silly placeDep ROOT package-json-from-dist@1.0.1 OK for: glob@10.5.0 want: ^1.0.0
770 silly placeDep ROOT path-scurry@1.11.1 OK for: glob@10.5.0 want: ^1.11.1
771 silly fetch manifest cross-spawn@^7.0.6
772 silly packumentCache full:https://registry.npmjs.org/cross-spawn cache-miss
773 silly fetch manifest signal-exit@^4.0.1
774 silly packumentCache full:https://registry.npmjs.org/signal-exit cache-miss
775 silly fetch manifest @isaacs/cliui@^8.0.2
776 silly packumentCache full:https://registry.npmjs.org/@isaacs%2fcliui cache-miss
777 silly fetch manifest @pkgjs/parseargs@^0.11.0
778 silly packumentCache full:https://registry.npmjs.org/@pkgjs%2fparseargs cache-miss
779 silly fetch manifest lru-cache@^10.2.0
780 silly packumentCache full:https://registry.npmjs.org/lru-cache cache-miss
781 http fetch GET 200 https://registry.npmjs.org/signal-exit 664ms (cache miss)
782 silly packumentCache full:https://registry.npmjs.org/signal-exit set size:undefined disposed:false
783 http fetch GET 200 https://registry.npmjs.org/cross-spawn 849ms (cache miss)
784 silly packumentCache full:https://registry.npmjs.org/cross-spawn set size:undefined disposed:false
785 http fetch GET 200 https://registry.npmjs.org/@isaacs%2fcliui 894ms (cache miss)
786 silly packumentCache full:https://registry.npmjs.org/@isaacs%2fcliui set size:undefined disposed:false
787 http fetch GET 200 https://registry.npmjs.org/@pkgjs%2fparseargs 979ms (cache miss)
788 silly packumentCache full:https://registry.npmjs.org/@pkgjs%2fparseargs set size:undefined disposed:false
789 http fetch GET 200 https://registry.npmjs.org/lru-cache 1929ms (cache miss)
790 silly packumentCache full:https://registry.npmjs.org/lru-cache set size:undefined disposed:false
791 silly placeDep ROOT cross-spawn@7.0.6 OK for: foreground-child@3.3.1 want: ^7.0.6
792 silly placeDep ROOT signal-exit@4.1.0 OK for: foreground-child@3.3.1 want: ^4.0.1
793 silly fetch manifest which@^2.0.1
794 silly packumentCache full:https://registry.npmjs.org/which cache-miss
795 silly fetch manifest path-key@^3.1.0
796 silly packumentCache full:https://registry.npmjs.org/path-key cache-miss
797 silly fetch manifest shebang-command@^2.0.0
798 silly packumentCache full:https://registry.npmjs.org/shebang-command cache-miss
799 http fetch GET 200 https://registry.npmjs.org/shebang-command 329ms (cache miss)
800 silly packumentCache full:https://registry.npmjs.org/shebang-command set size:undefined disposed:false
801 http fetch GET 200 https://registry.npmjs.org/which 624ms (cache miss)
802 silly packumentCache full:https://registry.npmjs.org/which set size:undefined disposed:false
803 http fetch GET 200 https://registry.npmjs.org/path-key 1353ms (cache miss)
804 silly packumentCache full:https://registry.npmjs.org/path-key set size:undefined disposed:false
805 silly placeDep ROOT path-key@3.1.1 OK for: cross-spawn@7.0.6 want: ^3.1.0
806 silly placeDep ROOT shebang-command@2.0.0 OK for: cross-spawn@7.0.6 want: ^2.0.0
807 silly placeDep ROOT which@2.0.2 OK for: cross-spawn@7.0.6 want: ^2.0.1
808 silly fetch manifest shebang-regex@^3.0.0
809 silly packumentCache full:https://registry.npmjs.org/shebang-regex cache-miss
810 silly fetch manifest isexe@^2.0.0
811 silly packumentCache full:https://registry.npmjs.org/isexe cache-miss
812 http fetch GET 200 https://registry.npmjs.org/isexe 641ms (cache miss)
813 silly packumentCache full:https://registry.npmjs.org/isexe set size:undefined disposed:false
814 http fetch GET 200 https://registry.npmjs.org/shebang-regex 1280ms (cache miss)
815 silly packumentCache full:https://registry.npmjs.org/shebang-regex set size:undefined disposed:false
816 silly placeDep ROOT @isaacs/cliui@8.0.2 OK for: jackspeak@3.4.3 want: ^8.0.2
817 silly placeDep ROOT @pkgjs/parseargs@0.11.0 OK for: jackspeak@3.4.3 want: ^0.11.0
818 silly fetch manifest wrap-ansi@^8.1.0
819 silly packumentCache full:https://registry.npmjs.org/wrap-ansi cache-miss
820 silly fetch manifest strip-ansi@^7.0.1
821 silly packumentCache full:https://registry.npmjs.org/strip-ansi cache-miss
822 silly fetch manifest string-width@^5.1.2
823 silly packumentCache full:https://registry.npmjs.org/string-width cache-miss
824 silly fetch manifest wrap-ansi-cjs@npm:wrap-ansi@^7.0.0
825 silly packumentCache full:https://registry.npmjs.org/wrap-ansi cache-miss
826 silly fetch manifest strip-ansi-cjs@npm:strip-ansi@^6.0.1
827 silly packumentCache full:https://registry.npmjs.org/strip-ansi cache-miss
828 silly fetch manifest string-width-cjs@npm:string-width@^4.2.0
829 silly packumentCache full:https://registry.npmjs.org/string-width cache-miss
830 http fetch GET 200 https://registry.npmjs.org/strip-ansi 625ms (cache miss)
831 silly packumentCache full:https://registry.npmjs.org/strip-ansi set size:undefined disposed:false
832 http fetch GET 200 https://registry.npmjs.org/wrap-ansi 649ms (cache miss)
833 silly packumentCache full:https://registry.npmjs.org/wrap-ansi set size:undefined disposed:false
834 http fetch GET 200 https://registry.npmjs.org/strip-ansi 814ms (cache miss)
835 silly packumentCache full:https://registry.npmjs.org/strip-ansi set size:undefined disposed:false
836 http fetch GET 200 https://registry.npmjs.org/wrap-ansi 889ms (cache miss)
837 silly packumentCache full:https://registry.npmjs.org/wrap-ansi set size:undefined disposed:false
838 http fetch GET 200 https://registry.npmjs.org/string-width 893ms (cache miss)
839 silly packumentCache full:https://registry.npmjs.org/string-width set size:undefined disposed:false
840 http fetch GET 200 https://registry.npmjs.org/string-width 1707ms (cache miss)
841 silly packumentCache full:https://registry.npmjs.org/string-width set size:undefined disposed:false
842 silly placeDep ROOT string-width@5.1.2 OK for: @isaacs/cliui@8.0.2 want: ^5.1.2
843 silly placeDep ROOT string-width-cjs@4.2.3 OK for: @isaacs/cliui@8.0.2 want: npm:string-width@^4.2.0
844 silly placeDep ROOT strip-ansi@7.2.0 OK for: @isaacs/cliui@8.0.2 want: ^7.0.1
845 silly placeDep ROOT strip-ansi-cjs@6.0.1 OK for: @isaacs/cliui@8.0.2 want: npm:strip-ansi@^6.0.1
846 silly placeDep ROOT wrap-ansi@8.1.0 OK for: @isaacs/cliui@8.0.2 want: ^8.1.0
847 silly placeDep ROOT wrap-ansi-cjs@7.0.0 OK for: @isaacs/cliui@8.0.2 want: npm:wrap-ansi@^7.0.0
848 silly fetch manifest emoji-regex@^9.2.2
849 silly packumentCache full:https://registry.npmjs.org/emoji-regex cache-miss
850 silly fetch manifest eastasianwidth@^0.2.0
851 silly packumentCache full:https://registry.npmjs.org/eastasianwidth cache-miss
852 silly fetch manifest strip-ansi@^6.0.1
853 silly packumentCache full:https://registry.npmjs.org/strip-ansi cache-miss
854 silly fetch manifest emoji-regex@^8.0.0
855 silly packumentCache full:https://registry.npmjs.org/emoji-regex cache-miss
856 silly fetch manifest is-fullwidth-code-point@^3.0.0
857 silly packumentCache full:https://registry.npmjs.org/is-fullwidth-code-point cache-miss
858 silly fetch manifest ansi-regex@^6.2.2
859 silly packumentCache full:https://registry.npmjs.org/ansi-regex cache-miss
860 silly fetch manifest ansi-regex@^5.0.1
861 silly packumentCache full:https://registry.npmjs.org/ansi-regex cache-miss
862 silly fetch manifest ansi-styles@^6.1.0
863 silly packumentCache full:https://registry.npmjs.org/ansi-styles cache-miss
864 silly fetch manifest strip-ansi@^6.0.0
865 silly packumentCache full:https://registry.npmjs.org/strip-ansi cache-miss
866 silly fetch manifest ansi-styles@^4.0.0
867 silly packumentCache full:https://registry.npmjs.org/ansi-styles cache-miss
868 silly fetch manifest string-width@^4.1.0
869 silly packumentCache full:https://registry.npmjs.org/string-width cache-miss
870 http cache https://registry.npmjs.org/strip-ansi 17ms (cache hit)
871 silly packumentCache full:https://registry.npmjs.org/strip-ansi set size:44998 disposed:false
872 http cache https://registry.npmjs.org/strip-ansi 20ms (cache hit)
873 silly packumentCache full:https://registry.npmjs.org/strip-ansi set size:44998 disposed:false
874 silly packumentCache full:https://registry.npmjs.org/strip-ansi dispose
875 http cache https://registry.npmjs.org/string-width 25ms (cache hit)
876 silly packumentCache full:https://registry.npmjs.org/string-width set size:70381 disposed:false
877 http fetch GET 200 https://registry.npmjs.org/ansi-styles 580ms (cache miss)
878 silly packumentCache full:https://registry.npmjs.org/ansi-styles set size:undefined disposed:false
879 http fetch GET 200 https://registry.npmjs.org/is-fullwidth-code-point 641ms (cache miss)
880 silly packumentCache full:https://registry.npmjs.org/is-fullwidth-code-point set size:undefined disposed:false
881 http fetch GET 200 https://registry.npmjs.org/ansi-regex 815ms (cache miss)
882 silly packumentCache full:https://registry.npmjs.org/ansi-regex set size:undefined disposed:false
883 http fetch GET 200 https://registry.npmjs.org/emoji-regex 892ms (cache miss)
884 silly packumentCache full:https://registry.npmjs.org/emoji-regex set size:undefined disposed:false
885 http fetch GET 200 https://registry.npmjs.org/ansi-styles 891ms (cache miss)
886 silly packumentCache full:https://registry.npmjs.org/ansi-styles set size:undefined disposed:false
887 http fetch GET 200 https://registry.npmjs.org/eastasianwidth 1082ms (cache miss)
888 silly packumentCache full:https://registry.npmjs.org/eastasianwidth set size:undefined disposed:false
889 http fetch GET 200 https://registry.npmjs.org/ansi-regex 1320ms (cache miss)
890 silly packumentCache full:https://registry.npmjs.org/ansi-regex set size:undefined disposed:false
891 http fetch GET 200 https://registry.npmjs.org/emoji-regex 1506ms (cache miss)
892 silly packumentCache full:https://registry.npmjs.org/emoji-regex set size:undefined disposed:false
893 silly fetch manifest bufferutil@^4.0.1
894 silly packumentCache full:https://registry.npmjs.org/bufferutil cache-miss
895 http fetch GET 200 https://registry.npmjs.org/bufferutil 1669ms (cache miss)
896 silly packumentCache full:https://registry.npmjs.org/bufferutil set size:undefined disposed:false
897 silly fetch manifest utf-8-validate@>=5.0.2
898 silly packumentCache full:https://registry.npmjs.org/utf-8-validate cache-miss
899 http fetch GET 200 https://registry.npmjs.org/utf-8-validate 664ms (cache miss)
900 silly packumentCache full:https://registry.npmjs.org/utf-8-validate set size:undefined disposed:false
901 silly placeDep ROOT cssstyle@4.6.0 OK for: jsdom@25.0.1 want: ^4.1.0
902 silly placeDep ROOT data-urls@5.0.0 OK for: jsdom@25.0.1 want: ^5.0.0
903 silly placeDep ROOT decimal.js@10.6.0 OK for: jsdom@25.0.1 want: ^10.4.3
904 silly placeDep ROOT html-encoding-sniffer@4.0.0 OK for: jsdom@25.0.1 want: ^4.0.0
905 silly placeDep ROOT http-proxy-agent@7.0.2 OK for: jsdom@25.0.1 want: ^7.0.2
906 silly placeDep ROOT https-proxy-agent@7.0.6 OK for: jsdom@25.0.1 want: ^7.0.5
907 silly placeDep ROOT is-potential-custom-element-name@1.0.1 OK for: jsdom@25.0.1 want: ^1.0.1
908 silly placeDep ROOT nwsapi@2.2.23 OK for: jsdom@25.0.1 want: ^2.2.12
909 silly placeDep ROOT parse5@7.3.0 OK for: jsdom@25.0.1 want: ^7.1.2
910 silly placeDep ROOT rrweb-cssom@0.7.1 OK for: jsdom@25.0.1 want: ^0.7.1
911 silly placeDep ROOT saxes@6.0.0 OK for: jsdom@25.0.1 want: ^6.0.0
912 silly placeDep ROOT symbol-tree@3.2.4 OK for: jsdom@25.0.1 want: ^3.2.4
913 silly placeDep ROOT tough-cookie@5.1.2 OK for: jsdom@25.0.1 want: ^5.0.0
914 silly placeDep ROOT w3c-xmlserializer@5.0.0 OK for: jsdom@25.0.1 want: ^5.0.0
915 silly placeDep ROOT webidl-conversions@7.0.0 OK for: jsdom@25.0.1 want: ^7.0.0
916 silly placeDep ROOT whatwg-encoding@3.1.1 OK for: jsdom@25.0.1 want: ^3.1.1
917 silly placeDep ROOT whatwg-mimetype@4.0.0 OK for: jsdom@25.0.1 want: ^4.0.0
918 silly placeDep ROOT whatwg-url@14.2.0 OK for: jsdom@25.0.1 want: ^14.0.0
919 silly placeDep ROOT ws@8.20.1 OK for: jsdom@25.0.1 want: ^8.18.0
920 silly placeDep ROOT xml-name-validator@5.0.0 OK for: jsdom@25.0.1 want: ^5.0.0
921 silly fetch manifest rrweb-cssom@^0.8.0
922 silly packumentCache full:https://registry.npmjs.org/rrweb-cssom cache-miss
923 silly fetch manifest @asamuzakjp/css-color@^3.2.0
924 silly packumentCache full:https://registry.npmjs.org/@asamuzakjp%2fcss-color cache-miss
925 silly fetch manifest debug@^4.3.4
926 silly packumentCache full:https://registry.npmjs.org/debug cache-miss
927 silly fetch manifest agent-base@^7.1.0
928 silly packumentCache full:https://registry.npmjs.org/agent-base cache-miss
929 silly fetch manifest debug@4
930 silly packumentCache full:https://registry.npmjs.org/debug cache-miss
931 silly fetch manifest agent-base@^7.1.2
932 silly packumentCache full:https://registry.npmjs.org/agent-base cache-miss
933 silly fetch manifest entities@^6.0.0
934 silly packumentCache full:https://registry.npmjs.org/entities cache-miss
935 silly fetch manifest xmlchars@^2.2.0
936 silly packumentCache full:https://registry.npmjs.org/xmlchars cache-miss
937 silly fetch manifest tldts@^6.1.32
938 silly packumentCache full:https://registry.npmjs.org/tldts cache-miss
939 silly fetch manifest iconv-lite@0.6.3
940 silly packumentCache full:https://registry.npmjs.org/iconv-lite cache-miss
941 silly fetch manifest tr46@^5.1.0
942 silly packumentCache full:https://registry.npmjs.org/tr46 cache-miss
943 http cache https://registry.npmjs.org/debug 18ms (cache hit)
944 silly packumentCache full:https://registry.npmjs.org/debug set size:195840 disposed:false
945 http cache https://registry.npmjs.org/rrweb-cssom 22ms (cache hit)
946 silly packumentCache full:https://registry.npmjs.org/rrweb-cssom set size:10104 disposed:false
947 http cache https://registry.npmjs.org/entities 25ms (cache hit)
948 silly packumentCache full:https://registry.npmjs.org/entities set size:101550 disposed:false
949 http cache https://registry.npmjs.org/debug 27ms (cache hit)
950 silly packumentCache full:https://registry.npmjs.org/debug set size:195840 disposed:false
951 silly packumentCache full:https://registry.npmjs.org/debug dispose
952 http fetch GET 200 https://registry.npmjs.org/tr46 363ms (cache miss)
953 silly packumentCache full:https://registry.npmjs.org/tr46 set size:undefined disposed:false
954 http fetch GET 200 https://registry.npmjs.org/agent-base 465ms (cache miss)
955 silly packumentCache full:https://registry.npmjs.org/agent-base set size:undefined disposed:false
956 http fetch GET 200 https://registry.npmjs.org/agent-base 553ms (cache miss)
957 silly packumentCache full:https://registry.npmjs.org/agent-base set size:undefined disposed:false
958 http fetch GET 200 https://registry.npmjs.org/@asamuzakjp%2fcss-color 778ms (cache miss)
959 silly packumentCache full:https://registry.npmjs.org/@asamuzakjp%2fcss-color set size:undefined disposed:false
960 http fetch GET 200 https://registry.npmjs.org/iconv-lite 922ms (cache miss)
961 silly packumentCache full:https://registry.npmjs.org/iconv-lite set size:undefined disposed:false
962 http fetch GET 200 https://registry.npmjs.org/xmlchars 1154ms (cache miss)
963 silly packumentCache full:https://registry.npmjs.org/xmlchars set size:undefined disposed:false
964 http fetch GET 200 https://registry.npmjs.org/tldts 12147ms (cache miss)
965 silly packumentCache full:https://registry.npmjs.org/tldts set size:undefined disposed:false
966 silly placeDep ROOT @asamuzakjp/css-color@3.2.0 OK for: cssstyle@4.6.0 want: ^3.2.0
967 silly placeDep node_modules/cssstyle rrweb-cssom@0.8.0 OK for: cssstyle@4.6.0 want: ^0.8.0
968 silly fetch manifest lru-cache@^10.4.3
969 silly packumentCache full:https://registry.npmjs.org/lru-cache cache-miss
970 silly fetch manifest @csstools/css-calc@^2.1.3
971 silly packumentCache full:https://registry.npmjs.org/@csstools%2fcss-calc cache-miss
972 silly fetch manifest @csstools/css-tokenizer@^3.0.3
973 silly packumentCache full:https://registry.npmjs.org/@csstools%2fcss-tokenizer cache-miss
974 silly fetch manifest @csstools/css-color-parser@^3.0.9
975 silly packumentCache full:https://registry.npmjs.org/@csstools%2fcss-color-parser cache-miss
976 silly fetch manifest @csstools/css-parser-algorithms@^3.0.4
977 silly packumentCache full:https://registry.npmjs.org/@csstools%2fcss-parser-algorithms cache-miss
978 http cache https://registry.npmjs.org/lru-cache 14ms (cache hit)
979 silly packumentCache full:https://registry.npmjs.org/lru-cache set size:443567 disposed:false
980 http fetch GET 200 https://registry.npmjs.org/@csstools%2fcss-color-parser 659ms (cache miss)
981 silly packumentCache full:https://registry.npmjs.org/@csstools%2fcss-color-parser set size:undefined disposed:false
982 http fetch GET 200 https://registry.npmjs.org/@csstools%2fcss-calc 669ms (cache miss)
983 silly packumentCache full:https://registry.npmjs.org/@csstools%2fcss-calc set size:undefined disposed:false
984 http fetch GET 200 https://registry.npmjs.org/@csstools%2fcss-tokenizer 675ms (cache miss)
985 silly packumentCache full:https://registry.npmjs.org/@csstools%2fcss-tokenizer set size:undefined disposed:false
986 http fetch GET 200 https://registry.npmjs.org/@csstools%2fcss-parser-algorithms 728ms (cache miss)
987 silly packumentCache full:https://registry.npmjs.org/@csstools%2fcss-parser-algorithms set size:undefined disposed:false
988 silly placeDep ROOT @csstools/css-calc@2.1.4 OK for: @asamuzakjp/css-color@3.2.0 want: ^2.1.3
989 silly placeDep ROOT @csstools/css-tokenizer@3.0.4 OK for: @csstools/css-calc@2.1.4 want: ^3.0.4
990 silly placeDep ROOT @csstools/css-parser-algorithms@3.0.5 OK for: @csstools/css-calc@2.1.4 want: ^3.0.5
991 silly placeDep ROOT @csstools/css-color-parser@3.1.0 OK for: @asamuzakjp/css-color@3.2.0 want: ^3.0.9
992 silly placeDep ROOT lru-cache@10.4.3 OK for: @asamuzakjp/css-color@3.2.0 want: ^10.4.3
993 silly fetch manifest @csstools/color-helpers@^5.1.0
994 silly packumentCache full:https://registry.npmjs.org/@csstools%2fcolor-helpers cache-miss
995 http fetch GET 200 https://registry.npmjs.org/@csstools%2fcolor-helpers 756ms (cache miss)
996 silly packumentCache full:https://registry.npmjs.org/@csstools%2fcolor-helpers set size:undefined disposed:false
997 silly placeDep ROOT @csstools/color-helpers@5.1.0 OK for: @csstools/css-color-parser@3.1.0 want: ^5.1.0
998 silly placeDep ROOT agent-base@7.1.4 OK for: http-proxy-agent@7.0.2 want: ^7.1.0
999 silly placeDep ROOT debug@4.4.3 OK for: http-proxy-agent@7.0.2 want: ^4.3.4
1000 silly fetch manifest ms@^2.1.3
1001 silly packumentCache full:https://registry.npmjs.org/ms cache-miss
1002 http fetch GET 200 https://registry.npmjs.org/ms 614ms (cache miss)
1003 silly packumentCache full:https://registry.npmjs.org/ms set size:undefined disposed:false
1004 silly placeDep ROOT ms@2.1.3 OK for: debug@4.4.3 want: ^2.1.3
1005 silly placeDep ROOT mime-db@1.52.0 OK for: mime-types@2.1.35 want: 1.52.0
1006 silly placeDep ROOT brace-expansion@2.1.0 OK for: minimatch@9.0.9 want: ^2.0.2
1007 silly fetch manifest balanced-match@^1.0.0
1008 silly packumentCache full:https://registry.npmjs.org/balanced-match cache-miss
1009 http fetch GET 200 https://registry.npmjs.org/balanced-match 1161ms (cache miss)
1010 silly packumentCache full:https://registry.npmjs.org/balanced-match set size:undefined disposed:false
1011 silly placeDep ROOT balanced-match@1.0.2 OK for: brace-expansion@2.1.0 want: ^1.0.0
1012 silly placeDep ROOT abbrev@2.0.0 OK for: nopt@7.2.1 want: ^2.0.0
1013 silly placeDep node_modules/parse5 entities@6.0.1 OK for: parse5@7.3.0 want: ^6.0.0
1014 silly fetch manifest @vue/composition-api@^1.0.0-rc.1
1015 silly packumentCache full:https://registry.npmjs.org/@vue%2fcomposition-api cache-miss
1016 http fetch GET 200 https://registry.npmjs.org/@vue%2fcomposition-api 1713ms (cache miss)
1017 silly packumentCache full:https://registry.npmjs.org/@vue%2fcomposition-api set size:undefined disposed:false
1018 silly fetch manifest vue@^2.7.0 || ^3.5.11
1019 silly packumentCache full:https://registry.npmjs.org/vue cache-miss
1020 http cache https://registry.npmjs.org/vue 12ms (cache hit)
1021 silly packumentCache full:https://registry.npmjs.org/vue set size:2032433 disposed:false
1022 silly fetch manifest vue@>= 2.5 < 2.7
1023 silly packumentCache full:https://registry.npmjs.org/vue cache-miss
1024 http cache https://registry.npmjs.org/vue 17ms (cache hit)
1025 silly packumentCache full:https://registry.npmjs.org/vue set size:2032433 disposed:false
1026 silly fetch manifest typescript@>=4.4.4
1027 silly packumentCache full:https://registry.npmjs.org/typescript cache-miss
1028 http cache https://registry.npmjs.org/typescript 37ms (cache hit)
1029 silly packumentCache full:https://registry.npmjs.org/typescript set size:15409943 disposed:false
1030 silly placeDep ROOT @vue/devtools-api@6.6.4 OK for: pinia@2.3.1 want: ^6.6.3
1031 silly placeDep ROOT vue-demi@0.14.10 OK for: pinia@2.3.1 want: ^0.14.10
1032 silly placeDep ROOT xmlchars@2.2.0 OK for: saxes@6.0.0 want: ^2.2.0
1033 silly placeDep ROOT shebang-regex@3.0.0 OK for: shebang-command@2.0.0 want: ^3.0.0
1034 silly placeDep ROOT eastasianwidth@0.2.0 OK for: string-width@5.1.2 want: ^0.2.0
1035 silly placeDep ROOT emoji-regex@9.2.2 OK for: string-width@5.1.2 want: ^9.2.2
1036 silly placeDep node_modules/string-width-cjs emoji-regex@8.0.0 OK for: string-width@4.2.3 want: ^8.0.0
1037 silly placeDep ROOT is-fullwidth-code-point@3.0.0 OK for: string-width@4.2.3 want: ^3.0.0
1038 silly placeDep node_modules/string-width-cjs strip-ansi@6.0.1 OK for: string-width@4.2.3 want: ^6.0.1
1039 silly placeDep ROOT ansi-regex@6.2.2 OK for: strip-ansi@7.2.0 want: ^6.2.2
1040 silly placeDep node_modules/strip-ansi-cjs ansi-regex@5.0.1 OK for: strip-ansi@6.0.1 want: ^5.0.1
1041 silly placeDep ROOT tldts@6.1.86 OK for: tough-cookie@5.1.2 want: ^6.1.32
1042 silly fetch manifest tldts-core@^6.1.86
1043 silly packumentCache full:https://registry.npmjs.org/tldts-core cache-miss
1044 http fetch GET 200 https://registry.npmjs.org/tldts-core 4597ms (cache miss)
1045 silly packumentCache full:https://registry.npmjs.org/tldts-core set size:undefined disposed:false
1046 silly placeDep ROOT tldts-core@6.1.86 OK for: tldts@6.1.86 want: ^6.1.86
1047 silly placeDep ROOT esbuild@0.25.12 OK for: vite@6.4.2 want: ^0.25.0
1048 silly placeDep ROOT fdir@6.5.0 OK for: vite@6.4.2 want: ^6.4.4
1049 silly placeDep ROOT fsevents@2.3.3 OK for: vite@6.4.2 want: ~2.3.3
1050 silly placeDep ROOT picomatch@4.0.4 OK for: vite@6.4.2 want: ^4.0.2
1051 silly placeDep ROOT postcss@8.5.14 OK for: vite@6.4.2 want: ^8.5.3
1052 silly placeDep ROOT rollup@4.60.3 OK for: vite@6.4.2 want: ^4.34.9
1053 silly placeDep ROOT tinyglobby@0.2.16 OK for: vite@6.4.2 want: ^0.2.13
1054 silly fetch manifest @esbuild/aix-ppc64@0.25.12
1055 silly packumentCache full:https://registry.npmjs.org/@esbuild%2faix-ppc64 cache-miss
1056 silly fetch manifest @esbuild/linux-arm@0.25.12
1057 silly packumentCache full:https://registry.npmjs.org/@esbuild%2flinux-arm cache-miss
1058 silly fetch manifest @esbuild/linux-x64@0.25.12
1059 silly packumentCache full:https://registry.npmjs.org/@esbuild%2flinux-x64 cache-miss
1060 silly fetch manifest @esbuild/sunos-x64@0.25.12
1061 silly packumentCache full:https://registry.npmjs.org/@esbuild%2fsunos-x64 cache-miss
1062 silly fetch manifest @esbuild/win32-x64@0.25.12
1063 silly packumentCache full:https://registry.npmjs.org/@esbuild%2fwin32-x64 cache-miss
1064 silly fetch manifest @esbuild/darwin-x64@0.25.12
1065 silly packumentCache full:https://registry.npmjs.org/@esbuild%2fdarwin-x64 cache-miss
1066 silly fetch manifest @esbuild/linux-ia32@0.25.12
1067 silly packumentCache full:https://registry.npmjs.org/@esbuild%2flinux-ia32 cache-miss
1068 silly fetch manifest @esbuild/netbsd-x64@0.25.12
1069 silly packumentCache full:https://registry.npmjs.org/@esbuild%2fnetbsd-x64 cache-miss
1070 silly fetch manifest @esbuild/win32-ia32@0.25.12
1071 silly packumentCache full:https://registry.npmjs.org/@esbuild%2fwin32-ia32 cache-miss
1072 silly fetch manifest @esbuild/android-arm@0.25.12
1073 silly packumentCache full:https://registry.npmjs.org/@esbuild%2fandroid-arm cache-miss
1074 silly fetch manifest @esbuild/android-x64@0.25.12
1075 silly packumentCache full:https://registry.npmjs.org/@esbuild%2fandroid-x64 cache-miss
1076 silly fetch manifest @esbuild/freebsd-x64@0.25.12
1077 silly packumentCache full:https://registry.npmjs.org/@esbuild%2ffreebsd-x64 cache-miss
1078 silly fetch manifest @esbuild/linux-arm64@0.25.12
1079 silly packumentCache full:https://registry.npmjs.org/@esbuild%2flinux-arm64 cache-miss
1080 silly fetch manifest @esbuild/linux-ppc64@0.25.12
1081 silly packumentCache full:https://registry.npmjs.org/@esbuild%2flinux-ppc64 cache-miss
1082 silly fetch manifest @esbuild/linux-s390x@0.25.12
1083 silly packumentCache full:https://registry.npmjs.org/@esbuild%2flinux-s390x cache-miss
1084 silly fetch manifest @esbuild/openbsd-x64@0.25.12
1085 silly packumentCache full:https://registry.npmjs.org/@esbuild%2fopenbsd-x64 cache-miss
1086 silly fetch manifest @esbuild/win32-arm64@0.25.12
1087 silly packumentCache full:https://registry.npmjs.org/@esbuild%2fwin32-arm64 cache-miss
1088 silly fetch manifest @esbuild/darwin-arm64@0.25.12
1089 silly packumentCache full:https://registry.npmjs.org/@esbuild%2fdarwin-arm64 cache-miss
1090 silly fetch manifest @esbuild/netbsd-arm64@0.25.12
1091 silly packumentCache full:https://registry.npmjs.org/@esbuild%2fnetbsd-arm64 cache-miss
1092 silly fetch manifest @esbuild/android-arm64@0.25.12
1093 silly packumentCache full:https://registry.npmjs.org/@esbuild%2fandroid-arm64 cache-miss
1094 silly fetch manifest @esbuild/freebsd-arm64@0.25.12
1095 silly packumentCache full:https://registry.npmjs.org/@esbuild%2ffreebsd-arm64 cache-miss
1096 silly fetch manifest @esbuild/linux-loong64@0.25.12
1097 silly packumentCache full:https://registry.npmjs.org/@esbuild%2flinux-loong64 cache-miss
1098 silly fetch manifest @esbuild/linux-riscv64@0.25.12
1099 silly packumentCache full:https://registry.npmjs.org/@esbuild%2flinux-riscv64 cache-miss
1100 silly fetch manifest @esbuild/openbsd-arm64@0.25.12
1101 silly packumentCache full:https://registry.npmjs.org/@esbuild%2fopenbsd-arm64 cache-miss
1102 silly fetch manifest @esbuild/linux-mips64el@0.25.12
1103 silly packumentCache full:https://registry.npmjs.org/@esbuild%2flinux-mips64el cache-miss
1104 silly fetch manifest @esbuild/openharmony-arm64@0.25.12
1105 silly packumentCache full:https://registry.npmjs.org/@esbuild%2fopenharmony-arm64 cache-miss
1106 silly fetch manifest nanoid@^3.3.11
1107 silly packumentCache full:https://registry.npmjs.org/nanoid cache-miss
1108 http fetch GET 200 https://registry.npmjs.org/@esbuild%2faix-ppc64 879ms (cache miss)
1109 silly packumentCache full:https://registry.npmjs.org/@esbuild%2faix-ppc64 set size:undefined disposed:false
1110 silly fetch manifest picocolors@^1.1.1
1111 silly packumentCache full:https://registry.npmjs.org/picocolors cache-miss
1112 http fetch GET 200 https://registry.npmjs.org/@esbuild%2flinux-ia32 895ms (cache miss)
1113 silly packumentCache full:https://registry.npmjs.org/@esbuild%2flinux-ia32 set size:undefined disposed:false
1114 silly fetch manifest @types/estree@1.0.8
1115 silly packumentCache full:https://registry.npmjs.org/@types%2festree cache-miss
1116 http fetch GET 200 https://registry.npmjs.org/@esbuild%2fdarwin-arm64 1117ms (cache miss)
1117 silly packumentCache full:https://registry.npmjs.org/@esbuild%2fdarwin-arm64 set size:undefined disposed:false
1118 silly fetch manifest @rollup/rollup-darwin-arm64@4.60.3
1119 silly packumentCache full:https://registry.npmjs.org/@rollup%2frollup-darwin-arm64 cache-miss
1120 http fetch GET 200 https://registry.npmjs.org/@esbuild%2flinux-x64 1191ms (cache miss)
1121 silly packumentCache full:https://registry.npmjs.org/@esbuild%2flinux-x64 set size:undefined disposed:false
1122 silly fetch manifest @rollup/rollup-android-arm64@4.60.3
1123 silly packumentCache full:https://registry.npmjs.org/@rollup%2frollup-android-arm64 cache-miss
1124 http fetch GET 200 https://registry.npmjs.org/@esbuild%2fwin32-x64 1197ms (cache miss)
1125 silly packumentCache full:https://registry.npmjs.org/@esbuild%2fwin32-x64 set size:undefined disposed:false
1126 silly fetch manifest @rollup/rollup-win32-arm64-msvc@4.60.3
1127 silly packumentCache full:https://registry.npmjs.org/@rollup%2frollup-win32-arm64-msvc cache-miss
1128 http fetch GET 200 https://registry.npmjs.org/@esbuild%2flinux-arm 1208ms (cache miss)
1129 silly packumentCache full:https://registry.npmjs.org/@esbuild%2flinux-arm set size:undefined disposed:false
1130 silly fetch manifest @rollup/rollup-freebsd-arm64@4.60.3
1131 silly packumentCache full:https://registry.npmjs.org/@rollup%2frollup-freebsd-arm64 cache-miss
1132 http fetch GET 200 https://registry.npmjs.org/@esbuild%2fdarwin-x64 1212ms (cache miss)
1133 silly packumentCache full:https://registry.npmjs.org/@esbuild%2fdarwin-x64 set size:undefined disposed:false
1134 silly fetch manifest @rollup/rollup-linux-arm64-gnu@4.60.3
1135 silly packumentCache full:https://registry.npmjs.org/@rollup%2frollup-linux-arm64-gnu cache-miss
1136 http fetch GET 200 https://registry.npmjs.org/@esbuild%2fandroid-arm 1251ms (cache miss)
1137 silly packumentCache full:https://registry.npmjs.org/@esbuild%2fandroid-arm set size:undefined disposed:false
1138 silly fetch manifest @rollup/rollup-linux-arm64-musl@4.60.3
1139 silly packumentCache full:https://registry.npmjs.org/@rollup%2frollup-linux-arm64-musl cache-miss
1140 http fetch GET 200 https://registry.npmjs.org/@esbuild%2flinux-s390x 1253ms (cache miss)
1141 silly packumentCache full:https://registry.npmjs.org/@esbuild%2flinux-s390x set size:undefined disposed:false
1142 silly fetch manifest @rollup/rollup-android-arm-eabi@4.60.3
1143 silly packumentCache full:https://registry.npmjs.org/@rollup%2frollup-android-arm-eabi cache-miss
1144 http fetch GET 200 https://registry.npmjs.org/@esbuild%2fnetbsd-arm64 1485ms (cache miss)
1145 silly packumentCache full:https://registry.npmjs.org/@esbuild%2fnetbsd-arm64 set size:undefined disposed:false
1146 silly fetch manifest @rollup/rollup-linux-arm-gnueabihf@4.60.3
1147 silly packumentCache full:https://registry.npmjs.org/@rollup%2frollup-linux-arm-gnueabihf cache-miss
1148 http fetch GET 200 https://registry.npmjs.org/@esbuild%2fsunos-x64 1642ms (cache miss)
1149 silly packumentCache full:https://registry.npmjs.org/@esbuild%2fsunos-x64 set size:undefined disposed:false
1150 silly fetch manifest @rollup/rollup-linux-arm-musleabihf@4.60.3
1151 silly packumentCache full:https://registry.npmjs.org/@rollup%2frollup-linux-arm-musleabihf cache-miss
1152 http fetch GET 200 https://registry.npmjs.org/@esbuild%2fandroid-arm64 1899ms (cache miss)
1153 silly packumentCache full:https://registry.npmjs.org/@esbuild%2fandroid-arm64 set size:undefined disposed:false
1154 silly fetch manifest @rollup/rollup-win32-ia32-msvc@4.60.3
1155 silly packumentCache full:https://registry.npmjs.org/@rollup%2frollup-win32-ia32-msvc cache-miss
1156 http fetch GET 200 https://registry.npmjs.org/@esbuild%2flinux-riscv64 2210ms (cache miss)
1157 silly packumentCache full:https://registry.npmjs.org/@esbuild%2flinux-riscv64 set size:undefined disposed:false
1158 silly fetch manifest @rollup/rollup-linux-loong64-gnu@4.60.3
1159 silly packumentCache full:https://registry.npmjs.org/@rollup%2frollup-linux-loong64-gnu cache-miss
1160 http fetch GET 200 https://registry.npmjs.org/@esbuild%2ffreebsd-x64 2219ms (cache miss)
1161 silly packumentCache full:https://registry.npmjs.org/@esbuild%2ffreebsd-x64 set size:undefined disposed:false
1162 silly fetch manifest @rollup/rollup-linux-loong64-musl@4.60.3
1163 silly packumentCache full:https://registry.npmjs.org/@rollup%2frollup-linux-loong64-musl cache-miss
1164 http fetch GET 200 https://registry.npmjs.org/@esbuild%2fopenbsd-arm64 2222ms (cache miss)
1165 silly packumentCache full:https://registry.npmjs.org/@esbuild%2fopenbsd-arm64 set size:undefined disposed:false
1166 silly fetch manifest @rollup/rollup-linux-riscv64-gnu@4.60.3
1167 silly packumentCache full:https://registry.npmjs.org/@rollup%2frollup-linux-riscv64-gnu cache-miss
1168 http fetch GET 200 https://registry.npmjs.org/@esbuild%2fopenbsd-x64 2229ms (cache miss)
1169 silly packumentCache full:https://registry.npmjs.org/@esbuild%2fopenbsd-x64 set size:undefined disposed:false
1170 silly fetch manifest @rollup/rollup-linux-riscv64-musl@4.60.3
1171 silly packumentCache full:https://registry.npmjs.org/@rollup%2frollup-linux-riscv64-musl cache-miss
1172 http fetch GET 200 https://registry.npmjs.org/@esbuild%2fopenharmony-arm64 2248ms (cache miss)
1173 silly packumentCache full:https://registry.npmjs.org/@esbuild%2fopenharmony-arm64 set size:undefined disposed:false
1174 silly fetch manifest @rollup/rollup-linux-ppc64-gnu@4.60.3
1175 silly packumentCache full:https://registry.npmjs.org/@rollup%2frollup-linux-ppc64-gnu cache-miss
1176 http fetch GET 200 https://registry.npmjs.org/@esbuild%2flinux-mips64el 2256ms (cache miss)
1177 silly packumentCache full:https://registry.npmjs.org/@esbuild%2flinux-mips64el set size:undefined disposed:false
1178 silly fetch manifest @rollup/rollup-linux-ppc64-musl@4.60.3
1179 silly packumentCache full:https://registry.npmjs.org/@rollup%2frollup-linux-ppc64-musl cache-miss
1180 http fetch GET 200 https://registry.npmjs.org/@esbuild%2ffreebsd-arm64 2391ms (cache miss)
1181 silly packumentCache full:https://registry.npmjs.org/@esbuild%2ffreebsd-arm64 set size:undefined disposed:false
1182 silly fetch manifest @rollup/rollup-linux-s390x-gnu@4.60.3
1183 silly packumentCache full:https://registry.npmjs.org/@rollup%2frollup-linux-s390x-gnu cache-miss
1184 http fetch GET 200 https://registry.npmjs.org/@esbuild%2flinux-loong64 2395ms (cache miss)
1185 silly packumentCache full:https://registry.npmjs.org/@esbuild%2flinux-loong64 set size:undefined disposed:false
1186 silly fetch manifest @rollup/rollup-darwin-x64@4.60.3
1187 silly packumentCache full:https://registry.npmjs.org/@rollup%2frollup-darwin-x64 cache-miss
1188 http fetch GET 200 https://registry.npmjs.org/@esbuild%2fwin32-arm64 2423ms (cache miss)
1189 silly packumentCache full:https://registry.npmjs.org/@esbuild%2fwin32-arm64 set size:undefined disposed:false
1190 silly fetch manifest @rollup/rollup-win32-x64-gnu@4.60.3
1191 silly packumentCache full:https://registry.npmjs.org/@rollup%2frollup-win32-x64-gnu cache-miss
1192 http fetch GET 200 https://registry.npmjs.org/nanoid 2476ms (cache miss)
1193 silly packumentCache full:https://registry.npmjs.org/nanoid set size:undefined disposed:false
1194 silly fetch manifest @rollup/rollup-win32-x64-msvc@4.60.3
1195 silly packumentCache full:https://registry.npmjs.org/@rollup%2frollup-win32-x64-msvc cache-miss
1196 http fetch GET 200 https://registry.npmjs.org/picocolors 1672ms (cache miss)
1197 silly packumentCache full:https://registry.npmjs.org/picocolors set size:undefined disposed:false
1198 silly fetch manifest @rollup/rollup-freebsd-x64@4.60.3
1199 silly packumentCache full:https://registry.npmjs.org/@rollup%2frollup-freebsd-x64 cache-miss
1200 http fetch GET 200 https://registry.npmjs.org/@esbuild%2fandroid-x64 2709ms (cache miss)
1201 silly packumentCache full:https://registry.npmjs.org/@esbuild%2fandroid-x64 set size:undefined disposed:false
1202 silly fetch manifest @rollup/rollup-linux-x64-gnu@4.60.3
1203 silly packumentCache full:https://registry.npmjs.org/@rollup%2frollup-linux-x64-gnu cache-miss
1204 http fetch GET 200 https://registry.npmjs.org/@esbuild%2fnetbsd-x64 2726ms (cache miss)
1205 silly packumentCache full:https://registry.npmjs.org/@esbuild%2fnetbsd-x64 set size:undefined disposed:false
1206 silly fetch manifest @rollup/rollup-linux-x64-musl@4.60.3
1207 silly packumentCache full:https://registry.npmjs.org/@rollup%2frollup-linux-x64-musl cache-miss
1208 http fetch GET 200 https://registry.npmjs.org/@rollup%2frollup-freebsd-arm64 1691ms (cache miss)
1209 silly packumentCache full:https://registry.npmjs.org/@rollup%2frollup-freebsd-arm64 set size:undefined disposed:false
1210 silly fetch manifest @rollup/rollup-openbsd-x64@4.60.3
1211 silly packumentCache full:https://registry.npmjs.org/@rollup%2frollup-openbsd-x64 cache-miss
1212 http fetch GET 200 https://registry.npmjs.org/@rollup%2frollup-android-arm64 1828ms (cache miss)
1213 silly packumentCache full:https://registry.npmjs.org/@rollup%2frollup-android-arm64 set size:undefined disposed:false
1214 silly fetch manifest @rollup/rollup-openharmony-arm64@4.60.3
1215 silly packumentCache full:https://registry.npmjs.org/@rollup%2frollup-openharmony-arm64 cache-miss
1216 http fetch GET 200 https://registry.npmjs.org/@esbuild%2fwin32-ia32 3098ms (cache miss)
1217 silly packumentCache full:https://registry.npmjs.org/@esbuild%2fwin32-ia32 set size:undefined disposed:false
1218 http fetch GET 200 https://registry.npmjs.org/@rollup%2frollup-darwin-arm64 2034ms (cache miss)
1219 silly packumentCache full:https://registry.npmjs.org/@rollup%2frollup-darwin-arm64 set size:undefined disposed:false
1220 http fetch GET 200 https://registry.npmjs.org/@rollup%2frollup-linux-loong64-musl 982ms (cache miss)
1221 silly packumentCache full:https://registry.npmjs.org/@rollup%2frollup-linux-loong64-musl set size:undefined disposed:false
1222 http fetch GET 200 https://registry.npmjs.org/@types%2festree 2379ms (cache miss)
1223 silly packumentCache full:https://registry.npmjs.org/@types%2festree set size:undefined disposed:false
1224 http fetch GET 200 https://registry.npmjs.org/@rollup%2frollup-linux-loong64-gnu 1080ms (cache miss)
1225 silly packumentCache full:https://registry.npmjs.org/@rollup%2frollup-linux-loong64-gnu set size:undefined disposed:false
1226 http fetch GET 200 https://registry.npmjs.org/@rollup%2frollup-android-arm-eabi 2204ms (cache miss)
1227 silly packumentCache full:https://registry.npmjs.org/@rollup%2frollup-android-arm-eabi set size:undefined disposed:false
1228 http fetch GET 200 https://registry.npmjs.org/@rollup%2frollup-linux-arm-gnueabihf 1974ms (cache miss)
1229 silly packumentCache full:https://registry.npmjs.org/@rollup%2frollup-linux-arm-gnueabihf set size:undefined disposed:false
1230 http fetch GET 200 https://registry.npmjs.org/@rollup%2frollup-linux-arm64-gnu 2358ms (cache miss)
1231 silly packumentCache full:https://registry.npmjs.org/@rollup%2frollup-linux-arm64-gnu set size:undefined disposed:false
1232 http fetch GET 200 https://registry.npmjs.org/@rollup%2frollup-linux-arm64-musl 2349ms (cache miss)
1233 silly packumentCache full:https://registry.npmjs.org/@rollup%2frollup-linux-arm64-musl set size:undefined disposed:false
1234 http fetch GET 200 https://registry.npmjs.org/@rollup%2frollup-linux-arm-musleabihf 2139ms (cache miss)
1235 silly packumentCache full:https://registry.npmjs.org/@rollup%2frollup-linux-arm-musleabihf set size:undefined disposed:false
1236 http fetch GET 200 https://registry.npmjs.org/@rollup%2frollup-linux-ppc64-musl 1547ms (cache miss)
1237 silly packumentCache full:https://registry.npmjs.org/@rollup%2frollup-linux-ppc64-musl set size:undefined disposed:false
1238 http fetch GET 200 https://registry.npmjs.org/@rollup%2frollup-win32-x64-gnu 1382ms (cache miss)
1239 silly packumentCache full:https://registry.npmjs.org/@rollup%2frollup-win32-x64-gnu set size:undefined disposed:false
1240 http fetch GET 200 https://registry.npmjs.org/@rollup%2frollup-linux-ppc64-gnu 1560ms (cache miss)
1241 silly packumentCache full:https://registry.npmjs.org/@rollup%2frollup-linux-ppc64-gnu set size:undefined disposed:false
1242 http fetch GET 200 https://registry.npmjs.org/@esbuild%2flinux-arm64 3959ms (cache miss)
1243 silly packumentCache full:https://registry.npmjs.org/@esbuild%2flinux-arm64 set size:undefined disposed:false
1244 http fetch GET 200 https://registry.npmjs.org/@rollup%2frollup-openbsd-x64 1223ms (cache miss)
1245 silly packumentCache full:https://registry.npmjs.org/@rollup%2frollup-openbsd-x64 set size:undefined disposed:false
1246 http fetch GET 200 https://registry.npmjs.org/@rollup%2frollup-linux-riscv64-gnu 1943ms (cache miss)
1247 silly packumentCache full:https://registry.npmjs.org/@rollup%2frollup-linux-riscv64-gnu set size:undefined disposed:false
1248 http fetch GET 200 https://registry.npmjs.org/@rollup%2frollup-darwin-x64 1772ms (cache miss)
1249 silly packumentCache full:https://registry.npmjs.org/@rollup%2frollup-darwin-x64 set size:undefined disposed:false
1250 http fetch GET 200 https://registry.npmjs.org/@rollup%2frollup-openharmony-arm64 1164ms (cache miss)
1251 silly packumentCache full:https://registry.npmjs.org/@rollup%2frollup-openharmony-arm64 set size:undefined disposed:false
1252 http fetch GET 200 https://registry.npmjs.org/@rollup%2frollup-linux-riscv64-musl 1984ms (cache miss)
1253 silly packumentCache full:https://registry.npmjs.org/@rollup%2frollup-linux-riscv64-musl set size:undefined disposed:false
1254 http fetch GET 200 https://registry.npmjs.org/@rollup%2frollup-freebsd-x64 1766ms (cache miss)
1255 silly packumentCache full:https://registry.npmjs.org/@rollup%2frollup-freebsd-x64 set size:undefined disposed:false
1256 http fetch GET 200 https://registry.npmjs.org/@rollup%2frollup-win32-x64-msvc 1907ms (cache miss)
1257 silly packumentCache full:https://registry.npmjs.org/@rollup%2frollup-win32-x64-msvc set size:undefined disposed:false
1258 http fetch GET 200 https://registry.npmjs.org/@rollup%2frollup-linux-x64-gnu 1791ms (cache miss)
1259 silly packumentCache full:https://registry.npmjs.org/@rollup%2frollup-linux-x64-gnu set size:undefined disposed:false
1260 http fetch GET 200 https://registry.npmjs.org/@rollup%2frollup-win32-ia32-msvc 2680ms (cache miss)
1261 silly packumentCache full:https://registry.npmjs.org/@rollup%2frollup-win32-ia32-msvc set size:undefined disposed:false
1262 http fetch GET 200 https://registry.npmjs.org/@rollup%2frollup-linux-s390x-gnu 2360ms (cache miss)
1263 silly packumentCache full:https://registry.npmjs.org/@rollup%2frollup-linux-s390x-gnu set size:undefined disposed:false
1264 http fetch GET 200 https://registry.npmjs.org/@rollup%2frollup-win32-arm64-msvc 3905ms (cache miss)
1265 silly packumentCache full:https://registry.npmjs.org/@rollup%2frollup-win32-arm64-msvc set size:undefined disposed:false
1266 http fetch GET 200 https://registry.npmjs.org/@rollup%2frollup-linux-x64-musl 2762ms (cache miss)
1267 silly packumentCache full:https://registry.npmjs.org/@rollup%2frollup-linux-x64-musl set size:undefined disposed:false
1268 http fetch GET 200 https://registry.npmjs.org/@esbuild%2flinux-ppc64 5629ms (cache miss)
1269 silly packumentCache full:https://registry.npmjs.org/@esbuild%2flinux-ppc64 set size:undefined disposed:false
1270 silly placeDep ROOT @esbuild/aix-ppc64@0.25.12 OK for: esbuild@0.25.12 want: 0.25.12
1271 silly placeDep ROOT @esbuild/android-arm@0.25.12 OK for: esbuild@0.25.12 want: 0.25.12
1272 silly placeDep ROOT @esbuild/android-arm64@0.25.12 OK for: esbuild@0.25.12 want: 0.25.12
1273 silly placeDep ROOT @esbuild/android-x64@0.25.12 OK for: esbuild@0.25.12 want: 0.25.12
1274 silly placeDep ROOT @esbuild/darwin-arm64@0.25.12 OK for: esbuild@0.25.12 want: 0.25.12
1275 silly placeDep ROOT @esbuild/darwin-x64@0.25.12 OK for: esbuild@0.25.12 want: 0.25.12
1276 silly placeDep ROOT @esbuild/freebsd-arm64@0.25.12 OK for: esbuild@0.25.12 want: 0.25.12
1277 silly placeDep ROOT @esbuild/freebsd-x64@0.25.12 OK for: esbuild@0.25.12 want: 0.25.12
1278 silly placeDep ROOT @esbuild/linux-arm@0.25.12 OK for: esbuild@0.25.12 want: 0.25.12
1279 silly placeDep ROOT @esbuild/linux-arm64@0.25.12 OK for: esbuild@0.25.12 want: 0.25.12
1280 silly placeDep ROOT @esbuild/linux-ia32@0.25.12 OK for: esbuild@0.25.12 want: 0.25.12
1281 silly placeDep ROOT @esbuild/linux-loong64@0.25.12 OK for: esbuild@0.25.12 want: 0.25.12
1282 silly placeDep ROOT @esbuild/linux-mips64el@0.25.12 OK for: esbuild@0.25.12 want: 0.25.12
1283 silly placeDep ROOT @esbuild/linux-ppc64@0.25.12 OK for: esbuild@0.25.12 want: 0.25.12
1284 silly placeDep ROOT @esbuild/linux-riscv64@0.25.12 OK for: esbuild@0.25.12 want: 0.25.12
1285 silly placeDep ROOT @esbuild/linux-s390x@0.25.12 OK for: esbuild@0.25.12 want: 0.25.12
1286 silly placeDep ROOT @esbuild/linux-x64@0.25.12 OK for: esbuild@0.25.12 want: 0.25.12
1287 silly placeDep ROOT @esbuild/netbsd-arm64@0.25.12 OK for: esbuild@0.25.12 want: 0.25.12
1288 silly placeDep ROOT @esbuild/netbsd-x64@0.25.12 OK for: esbuild@0.25.12 want: 0.25.12
1289 silly placeDep ROOT @esbuild/openbsd-arm64@0.25.12 OK for: esbuild@0.25.12 want: 0.25.12
1290 silly placeDep ROOT @esbuild/openbsd-x64@0.25.12 OK for: esbuild@0.25.12 want: 0.25.12
1291 silly placeDep ROOT @esbuild/openharmony-arm64@0.25.12 OK for: esbuild@0.25.12 want: 0.25.12
1292 silly placeDep ROOT @esbuild/sunos-x64@0.25.12 OK for: esbuild@0.25.12 want: 0.25.12
1293 silly placeDep ROOT @esbuild/win32-arm64@0.25.12 OK for: esbuild@0.25.12 want: 0.25.12
1294 silly placeDep ROOT @esbuild/win32-ia32@0.25.12 OK for: esbuild@0.25.12 want: 0.25.12
1295 silly placeDep ROOT @esbuild/win32-x64@0.25.12 OK for: esbuild@0.25.12 want: 0.25.12
1296 silly placeDep ROOT nanoid@3.3.12 OK for: postcss@8.5.14 want: ^3.3.11
1297 silly placeDep ROOT picocolors@1.1.1 OK for: postcss@8.5.14 want: ^1.1.1
1298 silly placeDep ROOT @rollup/rollup-android-arm-eabi@4.60.3 OK for: rollup@4.60.3 want: 4.60.3
1299 silly placeDep ROOT @rollup/rollup-android-arm64@4.60.3 OK for: rollup@4.60.3 want: 4.60.3
1300 silly placeDep ROOT @rollup/rollup-darwin-arm64@4.60.3 OK for: rollup@4.60.3 want: 4.60.3
1301 silly placeDep ROOT @rollup/rollup-darwin-x64@4.60.3 OK for: rollup@4.60.3 want: 4.60.3
1302 silly placeDep ROOT @rollup/rollup-freebsd-arm64@4.60.3 OK for: rollup@4.60.3 want: 4.60.3
1303 silly placeDep ROOT @rollup/rollup-freebsd-x64@4.60.3 OK for: rollup@4.60.3 want: 4.60.3
1304 silly placeDep ROOT @rollup/rollup-linux-arm-gnueabihf@4.60.3 OK for: rollup@4.60.3 want: 4.60.3
1305 silly placeDep ROOT @rollup/rollup-linux-arm-musleabihf@4.60.3 OK for: rollup@4.60.3 want: 4.60.3
1306 silly placeDep ROOT @rollup/rollup-linux-arm64-gnu@4.60.3 OK for: rollup@4.60.3 want: 4.60.3
1307 silly placeDep ROOT @rollup/rollup-linux-arm64-musl@4.60.3 OK for: rollup@4.60.3 want: 4.60.3
1308 silly placeDep ROOT @rollup/rollup-linux-loong64-gnu@4.60.3 OK for: rollup@4.60.3 want: 4.60.3
1309 silly placeDep ROOT @rollup/rollup-linux-loong64-musl@4.60.3 OK for: rollup@4.60.3 want: 4.60.3
1310 silly placeDep ROOT @rollup/rollup-linux-ppc64-gnu@4.60.3 OK for: rollup@4.60.3 want: 4.60.3
1311 silly placeDep ROOT @rollup/rollup-linux-ppc64-musl@4.60.3 OK for: rollup@4.60.3 want: 4.60.3
1312 silly placeDep ROOT @rollup/rollup-linux-riscv64-gnu@4.60.3 OK for: rollup@4.60.3 want: 4.60.3
1313 silly placeDep ROOT @rollup/rollup-linux-riscv64-musl@4.60.3 OK for: rollup@4.60.3 want: 4.60.3
1314 silly placeDep ROOT @rollup/rollup-linux-s390x-gnu@4.60.3 OK for: rollup@4.60.3 want: 4.60.3
1315 silly placeDep ROOT @rollup/rollup-linux-x64-gnu@4.60.3 OK for: rollup@4.60.3 want: 4.60.3
1316 silly placeDep ROOT @rollup/rollup-linux-x64-musl@4.60.3 OK for: rollup@4.60.3 want: 4.60.3
1317 silly placeDep ROOT @rollup/rollup-openbsd-x64@4.60.3 OK for: rollup@4.60.3 want: 4.60.3
1318 silly placeDep ROOT @rollup/rollup-openharmony-arm64@4.60.3 OK for: rollup@4.60.3 want: 4.60.3
1319 silly placeDep ROOT @rollup/rollup-win32-arm64-msvc@4.60.3 OK for: rollup@4.60.3 want: 4.60.3
1320 silly placeDep ROOT @rollup/rollup-win32-ia32-msvc@4.60.3 OK for: rollup@4.60.3 want: 4.60.3
1321 silly placeDep ROOT @rollup/rollup-win32-x64-gnu@4.60.3 OK for: rollup@4.60.3 want: 4.60.3
1322 silly placeDep ROOT @rollup/rollup-win32-x64-msvc@4.60.3 OK for: rollup@4.60.3 want: 4.60.3
1323 silly placeDep ROOT @types/estree@1.0.8 OK for: rollup@4.60.3 want: 1.0.8
1324 silly fetch manifest @types/node@^18.0.0 || >=20.0.0
1325 silly packumentCache full:https://registry.npmjs.org/@types%2fnode cache-miss
1326 http cache https://registry.npmjs.org/@types%2fnode 28ms (cache hit)
1327 silly packumentCache full:https://registry.npmjs.org/@types%2fnode set size:11004479 disposed:false
1328 silly fetch manifest terser@^5.4.0
1329 silly packumentCache full:https://registry.npmjs.org/terser cache-hit
1330 silly fetch manifest msw@^2.4.9
1331 silly packumentCache full:https://registry.npmjs.org/msw cache-miss
1332 http fetch GET 200 https://registry.npmjs.org/msw 2542ms (cache miss)
1333 silly packumentCache full:https://registry.npmjs.org/msw set size:undefined disposed:false
1334 silly fetch manifest typescript@>= 4.8.x
1335 silly packumentCache full:https://registry.npmjs.org/typescript cache-miss
1336 http cache https://registry.npmjs.org/typescript 51ms (cache hit)
1337 silly packumentCache full:https://registry.npmjs.org/typescript set size:15409943 disposed:false
1338 silly placeDep ROOT @vitest/expect@2.1.9 OK for: vitest@2.1.9 want: 2.1.9
1339 silly placeDep node_modules/vitest @vitest/mocker@2.1.9 OK for: vitest@2.1.9 want: 2.1.9
1340 silly placeDep node_modules/vitest vite@5.4.21 OK for: @vitest/mocker@2.1.9 want: ^5.0.0
1341 silly placeDep ROOT @vitest/pretty-format@2.1.9 OK for: vitest@2.1.9 want: ^2.1.9
1342 silly placeDep ROOT @vitest/runner@2.1.9 OK for: vitest@2.1.9 want: 2.1.9
1343 silly placeDep ROOT @vitest/snapshot@2.1.9 OK for: vitest@2.1.9 want: 2.1.9
1344 silly placeDep ROOT @vitest/spy@2.1.9 OK for: vitest@2.1.9 want: 2.1.9
1345 silly placeDep ROOT @vitest/utils@2.1.9 OK for: vitest@2.1.9 want: 2.1.9
1346 silly placeDep ROOT chai@5.3.3 OK for: vitest@2.1.9 want: ^5.1.2
1347 silly placeDep ROOT expect-type@1.3.0 OK for: vitest@2.1.9 want: ^1.1.0
1348 silly placeDep ROOT magic-string@0.30.21 OK for: vitest@2.1.9 want: ^0.30.12
1349 silly placeDep ROOT pathe@1.1.2 OK for: vitest@2.1.9 want: ^1.1.2
1350 silly placeDep ROOT std-env@3.10.0 OK for: vitest@2.1.9 want: ^3.8.0
1351 silly placeDep ROOT tinybench@2.9.0 OK for: vitest@2.1.9 want: ^2.9.0
1352 silly placeDep ROOT tinyexec@0.3.2 OK for: vitest@2.1.9 want: ^0.3.1
1353 silly placeDep ROOT tinypool@1.1.1 OK for: vitest@2.1.9 want: ^1.0.1
1354 silly placeDep ROOT tinyrainbow@1.2.0 OK for: vitest@2.1.9 want: ^1.2.0
1355 silly placeDep ROOT vite-node@2.1.9 OK for: vitest@2.1.9 want: 2.1.9
1356 silly placeDep ROOT why-is-node-running@2.3.0 OK for: vitest@2.1.9 want: ^2.3.0
1357 silly fetch manifest estree-walker@^3.0.3
1358 silly packumentCache full:https://registry.npmjs.org/estree-walker cache-miss
1359 silly fetch manifest esbuild@^0.21.3
1360 silly packumentCache full:https://registry.npmjs.org/esbuild cache-miss
1361 silly fetch manifest tinyspy@^3.0.2
1362 silly packumentCache full:https://registry.npmjs.org/tinyspy cache-miss
1363 silly fetch manifest loupe@^3.1.2
1364 silly packumentCache full:https://registry.npmjs.org/loupe cache-miss
1365 silly fetch manifest loupe@^3.1.0
1366 silly packumentCache full:https://registry.npmjs.org/loupe cache-miss
1367 silly fetch manifest pathval@^2.0.0
1368 silly packumentCache full:https://registry.npmjs.org/pathval cache-miss
1369 silly fetch manifest deep-eql@^5.0.1
1370 silly packumentCache full:https://registry.npmjs.org/deep-eql cache-miss
1371 silly fetch manifest check-error@^2.1.1
1372 silly packumentCache full:https://registry.npmjs.org/check-error cache-miss
1373 silly fetch manifest assertion-error@^2.0.1
1374 silly packumentCache full:https://registry.npmjs.org/assertion-error cache-miss
1375 silly fetch manifest @jridgewell/sourcemap-codec@^1.5.5
1376 silly packumentCache full:https://registry.npmjs.org/@jridgewell%2fsourcemap-codec cache-miss
1377 silly fetch manifest cac@^6.7.14
1378 silly packumentCache full:https://registry.npmjs.org/cac cache-miss
1379 silly fetch manifest es-module-lexer@^1.5.4
1380 silly packumentCache full:https://registry.npmjs.org/es-module-lexer cache-miss
1381 silly fetch manifest siginfo@^2.0.0
1382 silly packumentCache full:https://registry.npmjs.org/siginfo cache-miss
1383 silly fetch manifest stackback@0.0.2
1384 silly packumentCache full:https://registry.npmjs.org/stackback cache-miss
1385 http cache https://registry.npmjs.org/estree-walker 21ms (cache hit)
1386 silly packumentCache full:https://registry.npmjs.org/estree-walker set size:60887 disposed:false
1387 http cache https://registry.npmjs.org/esbuild 24ms (cache hit)
1388 silly packumentCache full:https://registry.npmjs.org/esbuild set size:1254708 disposed:false
1389 http fetch GET 200 https://registry.npmjs.org/pathval 333ms (cache miss)
1390 silly packumentCache full:https://registry.npmjs.org/pathval set size:undefined disposed:false
1391 http fetch GET 200 https://registry.npmjs.org/siginfo 337ms (cache miss)
1392 silly packumentCache full:https://registry.npmjs.org/siginfo set size:undefined disposed:false
1393 http fetch GET 200 https://registry.npmjs.org/deep-eql 342ms (cache miss)
1394 silly packumentCache full:https://registry.npmjs.org/deep-eql set size:undefined disposed:false
1395 http fetch GET 200 https://registry.npmjs.org/assertion-error 359ms (cache miss)
1396 silly packumentCache full:https://registry.npmjs.org/assertion-error set size:undefined disposed:false
1397 http fetch GET 200 https://registry.npmjs.org/@jridgewell%2fsourcemap-codec 361ms (cache miss)
1398 silly packumentCache full:https://registry.npmjs.org/@jridgewell%2fsourcemap-codec set size:undefined disposed:false
1399 http fetch GET 200 https://registry.npmjs.org/stackback 370ms (cache miss)
1400 silly packumentCache full:https://registry.npmjs.org/stackback set size:undefined disposed:false
1401 http fetch GET 200 https://registry.npmjs.org/check-error 433ms (cache miss)
1402 silly packumentCache full:https://registry.npmjs.org/check-error set size:undefined disposed:false
1403 http fetch GET 200 https://registry.npmjs.org/loupe 442ms (cache miss)
1404 silly packumentCache full:https://registry.npmjs.org/loupe set size:undefined disposed:false
1405 http fetch GET 200 https://registry.npmjs.org/loupe 462ms (cache miss)
1406 silly packumentCache full:https://registry.npmjs.org/loupe set size:undefined disposed:false
1407 http fetch GET 200 https://registry.npmjs.org/tinyspy 1371ms (cache miss)
1408 silly packumentCache full:https://registry.npmjs.org/tinyspy set size:undefined disposed:false
1409 http fetch GET 200 https://registry.npmjs.org/es-module-lexer 1808ms (cache miss)
1410 silly packumentCache full:https://registry.npmjs.org/es-module-lexer set size:undefined disposed:false
1411 http fetch GET 200 https://registry.npmjs.org/cac 2224ms (cache miss)
1412 silly packumentCache full:https://registry.npmjs.org/cac set size:undefined disposed:false
1413 silly placeDep ROOT tinyspy@3.0.2 OK for: @vitest/spy@2.1.9 want: ^3.0.2
1414 silly placeDep ROOT loupe@3.2.1 OK for: @vitest/utils@2.1.9 want: ^3.1.2
1415 silly placeDep ROOT assertion-error@2.0.1 OK for: chai@5.3.3 want: ^2.0.1
1416 silly placeDep ROOT check-error@2.1.3 OK for: chai@5.3.3 want: ^2.1.1
1417 silly placeDep ROOT deep-eql@5.0.2 OK for: chai@5.3.3 want: ^5.0.1
1418 silly placeDep ROOT pathval@2.0.1 OK for: chai@5.3.3 want: ^2.0.0
1419 silly placeDep ROOT @jridgewell/sourcemap-codec@1.5.5 OK for: magic-string@0.30.21 want: ^1.5.5
1420 silly placeDep ROOT cac@6.7.14 OK for: vite-node@2.1.9 want: ^6.7.14
1421 silly placeDep ROOT es-module-lexer@1.7.0 OK for: vite-node@2.1.9 want: ^1.5.4
1422 silly placeDep node_modules/vite-node vite@5.4.21 OK for: vite-node@2.1.9 want: ^5.0.0
1423 silly fetch manifest vue@3.5.34
1424 silly packumentCache full:https://registry.npmjs.org/vue cache-miss
1425 http cache https://registry.npmjs.org/vue 24ms (cache hit)
1426 silly packumentCache full:https://registry.npmjs.org/vue set size:2032433 disposed:false
1427 silly placeDep ROOT @vue/compiler-sfc@3.5.34 OK for: vue@3.5.34 want: 3.5.34
1428 silly placeDep ROOT @vue/runtime-dom@3.5.34 OK for: vue@3.5.34 want: 3.5.34
1429 silly placeDep ROOT @vue/server-renderer@3.5.34 OK for: vue@3.5.34 want: 3.5.34
1430 silly fetch manifest @vue/compiler-ssr@3.5.34
1431 silly packumentCache full:https://registry.npmjs.org/@vue%2fcompiler-ssr cache-miss
1432 silly fetch manifest csstype@^3.2.3
1433 silly packumentCache full:https://registry.npmjs.org/csstype cache-miss
1434 silly fetch manifest @vue/reactivity@3.5.34
1435 silly packumentCache full:https://registry.npmjs.org/@vue%2freactivity cache-miss
1436 silly fetch manifest @vue/runtime-core@3.5.34
1437 silly packumentCache full:https://registry.npmjs.org/@vue%2fruntime-core cache-miss
1438 silly fetch manifest @vue/compiler-ssr@3.5.34
1439 silly packumentCache full:https://registry.npmjs.org/@vue%2fcompiler-ssr cache-miss
1440 http fetch GET 200 https://registry.npmjs.org/csstype 1112ms (cache miss)
1441 silly packumentCache full:https://registry.npmjs.org/csstype set size:undefined disposed:false
1442 http fetch GET 200 https://registry.npmjs.org/@vue%2freactivity 1917ms (cache miss)
1443 silly packumentCache full:https://registry.npmjs.org/@vue%2freactivity set size:undefined disposed:false
1444 http fetch GET 200 https://registry.npmjs.org/@vue%2fcompiler-ssr 3223ms (cache miss)
1445 silly packumentCache full:https://registry.npmjs.org/@vue%2fcompiler-ssr set size:undefined disposed:false
1446 http fetch GET 200 https://registry.npmjs.org/@vue%2fcompiler-ssr 4022ms (cache miss)
1447 silly packumentCache full:https://registry.npmjs.org/@vue%2fcompiler-ssr set size:undefined disposed:false
1448 http fetch GET 200 https://registry.npmjs.org/@vue%2fruntime-core 10796ms (cache miss)
1449 silly packumentCache full:https://registry.npmjs.org/@vue%2fruntime-core set size:undefined disposed:false
1450 silly placeDep ROOT @vue/compiler-ssr@3.5.34 OK for: @vue/compiler-sfc@3.5.34 want: 3.5.34
1451 silly placeDep ROOT @vue/reactivity@3.5.34 OK for: @vue/runtime-dom@3.5.34 want: 3.5.34
1452 silly placeDep ROOT @vue/runtime-core@3.5.34 OK for: @vue/runtime-dom@3.5.34 want: 3.5.34
1453 silly placeDep ROOT csstype@3.2.3 OK for: @vue/runtime-dom@3.5.34 want: ^3.2.3
1454 silly fetch manifest typescript@>=5.0.0
1455 silly packumentCache full:https://registry.npmjs.org/typescript cache-miss
1456 http cache https://registry.npmjs.org/typescript 42ms (cache hit)
1457 silly packumentCache full:https://registry.npmjs.org/typescript set size:15409943 disposed:false
1458 silly placeDep ROOT @volar/typescript@2.4.15 OK for: vue-tsc@2.2.12 want: 2.4.15
1459 silly placeDep ROOT @vue/language-core@2.2.12 OK for: vue-tsc@2.2.12 want: 2.2.12
1460 silly fetch manifest vscode-uri@^3.0.8
1461 silly packumentCache full:https://registry.npmjs.org/vscode-uri cache-miss
1462 silly fetch manifest path-browserify@^1.0.1
1463 silly packumentCache full:https://registry.npmjs.org/path-browserify cache-miss
1464 silly fetch manifest @volar/language-core@2.4.15
1465 silly packumentCache full:https://registry.npmjs.org/@volar%2flanguage-core cache-miss
1466 silly fetch manifest alien-signals@^1.0.3
1467 silly packumentCache full:https://registry.npmjs.org/alien-signals cache-miss
1468 silly fetch manifest muggle-string@^0.4.1
1469 silly packumentCache full:https://registry.npmjs.org/muggle-string cache-miss
1470 silly fetch manifest path-browserify@^1.0.1
1471 silly packumentCache full:https://registry.npmjs.org/path-browserify cache-miss
1472 silly fetch manifest @vue/compiler-vue2@^2.7.16
1473 silly packumentCache full:https://registry.npmjs.org/@vue%2fcompiler-vue2 cache-miss
1474 silly fetch manifest @volar/language-core@2.4.15
1475 silly packumentCache full:https://registry.npmjs.org/@volar%2flanguage-core cache-miss
1476 http fetch GET 200 https://registry.npmjs.org/path-browserify 543ms (cache miss)
1477 silly packumentCache full:https://registry.npmjs.org/path-browserify set size:undefined disposed:false
1478 http fetch GET 200 https://registry.npmjs.org/vscode-uri 566ms (cache miss)
1479 silly packumentCache full:https://registry.npmjs.org/vscode-uri set size:undefined disposed:false
1480 http fetch GET 200 https://registry.npmjs.org/path-browserify 574ms (cache miss)
1481 silly packumentCache full:https://registry.npmjs.org/path-browserify set size:undefined disposed:false
1482 http fetch GET 200 https://registry.npmjs.org/muggle-string 593ms (cache miss)
1483 silly packumentCache full:https://registry.npmjs.org/muggle-string set size:undefined disposed:false
1484 http fetch GET 200 https://registry.npmjs.org/alien-signals 1169ms (cache miss)
1485 silly packumentCache full:https://registry.npmjs.org/alien-signals set size:undefined disposed:false
1486 http fetch GET 200 https://registry.npmjs.org/@vue%2fcompiler-vue2 1498ms (cache miss)
1487 silly packumentCache full:https://registry.npmjs.org/@vue%2fcompiler-vue2 set size:undefined disposed:false
1488 http fetch GET 200 https://registry.npmjs.org/@volar%2flanguage-core 1514ms (cache miss)
1489 silly packumentCache full:https://registry.npmjs.org/@volar%2flanguage-core set size:undefined disposed:false
1490 http fetch GET 200 https://registry.npmjs.org/@volar%2flanguage-core 2468ms (cache miss)
1491 silly packumentCache full:https://registry.npmjs.org/@volar%2flanguage-core set size:undefined disposed:false
1492 silly placeDep ROOT @volar/language-core@2.4.15 OK for: @volar/typescript@2.4.15 want: 2.4.15
1493 silly placeDep ROOT path-browserify@1.0.1 OK for: @volar/typescript@2.4.15 want: ^1.0.1
1494 silly placeDep ROOT vscode-uri@3.1.0 OK for: @volar/typescript@2.4.15 want: ^3.0.8
1495 silly fetch manifest @volar/source-map@2.4.15
1496 silly packumentCache full:https://registry.npmjs.org/@volar%2fsource-map cache-miss
1497 http fetch GET 200 https://registry.npmjs.org/@volar%2fsource-map 5647ms (cache miss)
1498 silly packumentCache full:https://registry.npmjs.org/@volar%2fsource-map set size:undefined disposed:false
1499 silly placeDep ROOT @volar/source-map@2.4.15 OK for: @volar/language-core@2.4.15 want: 2.4.15
1500 silly placeDep ROOT @vue/compiler-vue2@2.7.16 OK for: @vue/language-core@2.2.12 want: ^2.7.16
1501 silly placeDep ROOT alien-signals@1.0.13 OK for: @vue/language-core@2.2.12 want: ^1.0.3
1502 silly placeDep ROOT muggle-string@0.4.1 OK for: @vue/language-core@2.2.12 want: ^0.4.1
1503 silly fetch manifest he@^1.2.0
1504 silly packumentCache full:https://registry.npmjs.org/he cache-miss
1505 silly fetch manifest de-indent@^1.0.2
1506 silly packumentCache full:https://registry.npmjs.org/de-indent cache-miss
1507 http fetch GET 200 https://registry.npmjs.org/de-indent 285ms (cache miss)
1508 silly packumentCache full:https://registry.npmjs.org/de-indent set size:undefined disposed:false
1509 http fetch GET 200 https://registry.npmjs.org/he 651ms (cache miss)
1510 silly packumentCache full:https://registry.npmjs.org/he set size:undefined disposed:false
1511 silly placeDep ROOT de-indent@1.0.2 OK for: @vue/compiler-vue2@2.7.16 want: ^1.0.2
1512 silly placeDep ROOT he@1.2.0 OK for: @vue/compiler-vue2@2.7.16 want: ^1.2.0
1513 silly placeDep ROOT iconv-lite@0.6.3 OK for: whatwg-encoding@3.1.1 want: 0.6.3
1514 silly fetch manifest safer-buffer@>= 2.1.2 < 3.0.0
1515 silly packumentCache full:https://registry.npmjs.org/safer-buffer cache-miss
1516 http fetch GET 200 https://registry.npmjs.org/safer-buffer 642ms (cache miss)
1517 silly packumentCache full:https://registry.npmjs.org/safer-buffer set size:undefined disposed:false
1518 silly placeDep ROOT safer-buffer@2.1.2 OK for: iconv-lite@0.6.3 want: >= 2.1.2 < 3.0.0
1519 silly placeDep ROOT tr46@5.1.1 OK for: whatwg-url@14.2.0 want: ^5.1.0
1520 silly fetch manifest punycode@^2.3.1
1521 silly packumentCache full:https://registry.npmjs.org/punycode cache-miss
1522 http fetch GET 200 https://registry.npmjs.org/punycode 1235ms (cache miss)
1523 silly packumentCache full:https://registry.npmjs.org/punycode set size:undefined disposed:false
1524 silly placeDep ROOT punycode@2.3.1 OK for: tr46@5.1.1 want: ^2.3.1
1525 silly placeDep ROOT isexe@2.0.0 OK for: which@2.0.2 want: ^2.0.0
1526 silly placeDep ROOT siginfo@2.0.0 OK for: why-is-node-running@2.3.0 want: ^2.0.0
1527 silly placeDep ROOT stackback@0.0.2 OK for: why-is-node-running@2.3.0 want: 0.0.2
1528 silly placeDep ROOT ansi-styles@6.2.3 OK for: wrap-ansi@8.1.0 want: ^6.1.0
1529 silly placeDep node_modules/wrap-ansi-cjs ansi-styles@4.3.0 OK for: wrap-ansi@7.0.0 want: ^4.0.0
1530 silly placeDep node_modules/wrap-ansi-cjs string-width@4.2.3 OK for: wrap-ansi@7.0.0 want: ^4.1.0
1531 silly placeDep node_modules/wrap-ansi-cjs strip-ansi@6.0.1 OK for: wrap-ansi@7.0.0 want: ^6.0.0
1532 silly fetch manifest color-convert@^2.0.1
1533 silly packumentCache full:https://registry.npmjs.org/color-convert cache-miss
1534 http fetch GET 200 https://registry.npmjs.org/color-convert 2591ms (cache miss)
1535 silly packumentCache full:https://registry.npmjs.org/color-convert set size:undefined disposed:false
1536 silly placeDep node_modules/string-width-cjs ansi-regex@5.0.1 OK for: strip-ansi@6.0.1 want: ^5.0.1
1537 silly placeDep node_modules/vite-node esbuild@0.21.5 OK for: vite@5.4.21 want: ^0.21.3
1538 silly fetch manifest @esbuild/aix-ppc64@0.21.5
1539 silly packumentCache full:https://registry.npmjs.org/@esbuild%2faix-ppc64 cache-miss
1540 silly fetch manifest @esbuild/linux-arm@0.21.5
1541 silly packumentCache full:https://registry.npmjs.org/@esbuild%2flinux-arm cache-miss
1542 silly fetch manifest @esbuild/linux-x64@0.21.5
1543 silly packumentCache full:https://registry.npmjs.org/@esbuild%2flinux-x64 cache-miss
1544 silly fetch manifest @esbuild/sunos-x64@0.21.5
1545 silly packumentCache full:https://registry.npmjs.org/@esbuild%2fsunos-x64 cache-miss
1546 silly fetch manifest @esbuild/win32-x64@0.21.5
1547 silly packumentCache full:https://registry.npmjs.org/@esbuild%2fwin32-x64 cache-miss
1548 silly fetch manifest @esbuild/darwin-x64@0.21.5
1549 silly packumentCache full:https://registry.npmjs.org/@esbuild%2fdarwin-x64 cache-miss
1550 silly fetch manifest @esbuild/linux-ia32@0.21.5
1551 silly packumentCache full:https://registry.npmjs.org/@esbuild%2flinux-ia32 cache-miss
1552 silly fetch manifest @esbuild/netbsd-x64@0.21.5
1553 silly packumentCache full:https://registry.npmjs.org/@esbuild%2fnetbsd-x64 cache-miss
1554 silly fetch manifest @esbuild/win32-ia32@0.21.5
1555 silly packumentCache full:https://registry.npmjs.org/@esbuild%2fwin32-ia32 cache-miss
1556 silly fetch manifest @esbuild/android-arm@0.21.5
1557 silly packumentCache full:https://registry.npmjs.org/@esbuild%2fandroid-arm cache-miss
1558 silly fetch manifest @esbuild/android-x64@0.21.5
1559 silly packumentCache full:https://registry.npmjs.org/@esbuild%2fandroid-x64 cache-miss
1560 silly fetch manifest @esbuild/freebsd-x64@0.21.5
1561 silly packumentCache full:https://registry.npmjs.org/@esbuild%2ffreebsd-x64 cache-miss
1562 silly fetch manifest @esbuild/linux-arm64@0.21.5
1563 silly packumentCache full:https://registry.npmjs.org/@esbuild%2flinux-arm64 cache-miss
1564 silly fetch manifest @esbuild/linux-ppc64@0.21.5
1565 silly packumentCache full:https://registry.npmjs.org/@esbuild%2flinux-ppc64 cache-miss
1566 silly fetch manifest @esbuild/linux-s390x@0.21.5
1567 silly packumentCache full:https://registry.npmjs.org/@esbuild%2flinux-s390x cache-miss
1568 silly fetch manifest @esbuild/openbsd-x64@0.21.5
1569 silly packumentCache full:https://registry.npmjs.org/@esbuild%2fopenbsd-x64 cache-miss
1570 silly fetch manifest @esbuild/win32-arm64@0.21.5
1571 silly packumentCache full:https://registry.npmjs.org/@esbuild%2fwin32-arm64 cache-miss
1572 silly fetch manifest @esbuild/darwin-arm64@0.21.5
1573 silly packumentCache full:https://registry.npmjs.org/@esbuild%2fdarwin-arm64 cache-miss
1574 silly fetch manifest @esbuild/android-arm64@0.21.5
1575 silly packumentCache full:https://registry.npmjs.org/@esbuild%2fandroid-arm64 cache-miss
1576 silly fetch manifest @esbuild/freebsd-arm64@0.21.5
1577 silly packumentCache full:https://registry.npmjs.org/@esbuild%2ffreebsd-arm64 cache-miss
1578 silly fetch manifest @esbuild/linux-loong64@0.21.5
1579 silly packumentCache full:https://registry.npmjs.org/@esbuild%2flinux-loong64 cache-miss
1580 silly fetch manifest @esbuild/linux-riscv64@0.21.5
1581 silly packumentCache full:https://registry.npmjs.org/@esbuild%2flinux-riscv64 cache-miss
1582 silly fetch manifest @esbuild/linux-mips64el@0.21.5
1583 silly packumentCache full:https://registry.npmjs.org/@esbuild%2flinux-mips64el cache-miss
1584 http cache https://registry.npmjs.org/@esbuild%2faix-ppc64 54ms (cache hit)
1585 silly packumentCache full:https://registry.npmjs.org/@esbuild%2faix-ppc64 set size:64314 disposed:false
1586 http cache https://registry.npmjs.org/@esbuild%2fsunos-x64 55ms (cache hit)
1587 silly packumentCache full:https://registry.npmjs.org/@esbuild%2fsunos-x64 set size:195721 disposed:false
1588 http cache https://registry.npmjs.org/@esbuild%2flinux-x64 57ms (cache hit)
1589 silly packumentCache full:https://registry.npmjs.org/@esbuild%2flinux-x64 set size:195479 disposed:false
1590 http cache https://registry.npmjs.org/@esbuild%2fwin32-x64 58ms (cache hit)
1591 silly packumentCache full:https://registry.npmjs.org/@esbuild%2fwin32-x64 set size:194073 disposed:false
1592 http cache https://registry.npmjs.org/@esbuild%2fnetbsd-x64 60ms (cache hit)
1593 silly packumentCache full:https://registry.npmjs.org/@esbuild%2fnetbsd-x64 set size:193883 disposed:false
1594 http cache https://registry.npmjs.org/@esbuild%2fdarwin-x64 61ms (cache hit)
1595 silly packumentCache full:https://registry.npmjs.org/@esbuild%2fdarwin-x64 set size:196195 disposed:false
1596 http cache https://registry.npmjs.org/@esbuild%2flinux-ia32 63ms (cache hit)
1597 silly packumentCache full:https://registry.npmjs.org/@esbuild%2flinux-ia32 set size:196150 disposed:false
1598 http cache https://registry.npmjs.org/@esbuild%2fwin32-ia32 64ms (cache hit)
1599 silly packumentCache full:https://registry.npmjs.org/@esbuild%2fwin32-ia32 set size:196374 disposed:false
1600 http cache https://registry.npmjs.org/@esbuild%2flinux-ppc64 64ms (cache hit)
1601 silly packumentCache full:https://registry.npmjs.org/@esbuild%2flinux-ppc64 set size:199310 disposed:false
1602 http cache https://registry.npmjs.org/@esbuild%2fwin32-arm64 65ms (cache hit)
1603 silly packumentCache full:https://registry.npmjs.org/@esbuild%2fwin32-arm64 set size:197504 disposed:false
1604 http cache https://registry.npmjs.org/@esbuild%2fandroid-x64 67ms (cache hit)
1605 silly packumentCache full:https://registry.npmjs.org/@esbuild%2fandroid-x64 set size:195551 disposed:false
1606 http cache https://registry.npmjs.org/@esbuild%2fandroid-arm 70ms (cache hit)
1607 silly packumentCache full:https://registry.npmjs.org/@esbuild%2fandroid-arm set size:221749 disposed:false
1608 http cache https://registry.npmjs.org/@esbuild%2flinux-arm64 70ms (cache hit)
1609 silly packumentCache full:https://registry.npmjs.org/@esbuild%2flinux-arm64 set size:197274 disposed:false
1610 http cache https://registry.npmjs.org/@esbuild%2fopenbsd-x64 71ms (cache hit)
1611 silly packumentCache full:https://registry.npmjs.org/@esbuild%2fopenbsd-x64 set size:197080 disposed:false
1612 http cache https://registry.npmjs.org/@esbuild%2ffreebsd-x64 73ms (cache hit)
1613 silly packumentCache full:https://registry.npmjs.org/@esbuild%2ffreebsd-x64 set size:197070 disposed:false
1614 http cache https://registry.npmjs.org/@esbuild%2flinux-arm 76ms (cache hit)
1615 silly packumentCache full:https://registry.npmjs.org/@esbuild%2flinux-arm set size:195140 disposed:false
1616 http cache https://registry.npmjs.org/@esbuild%2fdarwin-arm64 75ms (cache hit)
1617 silly packumentCache full:https://registry.npmjs.org/@esbuild%2fdarwin-arm64 set size:197958 disposed:false
1618 http cache https://registry.npmjs.org/@esbuild%2flinux-riscv64 77ms (cache hit)
1619 silly packumentCache full:https://registry.npmjs.org/@esbuild%2flinux-riscv64 set size:198981 disposed:false
1620 http cache https://registry.npmjs.org/@esbuild%2flinux-s390x 79ms (cache hit)
1621 silly packumentCache full:https://registry.npmjs.org/@esbuild%2flinux-s390x set size:198784 disposed:false
1622 http cache https://registry.npmjs.org/@esbuild%2ffreebsd-arm64 80ms (cache hit)
1623 silly packumentCache full:https://registry.npmjs.org/@esbuild%2ffreebsd-arm64 set size:198853 disposed:false
1624 http cache https://registry.npmjs.org/@esbuild%2flinux-mips64el 81ms (cache hit)
1625 silly packumentCache full:https://registry.npmjs.org/@esbuild%2flinux-mips64el set size:201062 disposed:false
1626 http cache https://registry.npmjs.org/@esbuild%2fandroid-arm64 83ms (cache hit)
1627 silly packumentCache full:https://registry.npmjs.org/@esbuild%2fandroid-arm64 set size:200684 disposed:false
1628 http cache https://registry.npmjs.org/@esbuild%2flinux-loong64 85ms (cache hit)
1629 silly packumentCache full:https://registry.npmjs.org/@esbuild%2flinux-loong64 set size:252211 disposed:false
1630 silly placeDep node_modules/vite-node @esbuild/aix-ppc64@0.21.5 OK for: esbuild@0.21.5 want: 0.21.5
1631 silly placeDep node_modules/vite-node @esbuild/android-arm@0.21.5 OK for: esbuild@0.21.5 want: 0.21.5
1632 silly placeDep node_modules/vite-node @esbuild/android-arm64@0.21.5 OK for: esbuild@0.21.5 want: 0.21.5
1633 silly placeDep node_modules/vite-node @esbuild/android-x64@0.21.5 OK for: esbuild@0.21.5 want: 0.21.5
1634 silly placeDep node_modules/vite-node @esbuild/darwin-arm64@0.21.5 OK for: esbuild@0.21.5 want: 0.21.5
1635 silly placeDep node_modules/vite-node @esbuild/darwin-x64@0.21.5 OK for: esbuild@0.21.5 want: 0.21.5
1636 silly placeDep node_modules/vite-node @esbuild/freebsd-arm64@0.21.5 OK for: esbuild@0.21.5 want: 0.21.5
1637 silly placeDep node_modules/vite-node @esbuild/freebsd-x64@0.21.5 OK for: esbuild@0.21.5 want: 0.21.5
1638 silly placeDep node_modules/vite-node @esbuild/linux-arm@0.21.5 OK for: esbuild@0.21.5 want: 0.21.5
1639 silly placeDep node_modules/vite-node @esbuild/linux-arm64@0.21.5 OK for: esbuild@0.21.5 want: 0.21.5
1640 silly placeDep node_modules/vite-node @esbuild/linux-ia32@0.21.5 OK for: esbuild@0.21.5 want: 0.21.5
1641 silly placeDep node_modules/vite-node @esbuild/linux-loong64@0.21.5 OK for: esbuild@0.21.5 want: 0.21.5
1642 silly placeDep node_modules/vite-node @esbuild/linux-mips64el@0.21.5 OK for: esbuild@0.21.5 want: 0.21.5
1643 silly placeDep node_modules/vite-node @esbuild/linux-ppc64@0.21.5 OK for: esbuild@0.21.5 want: 0.21.5
1644 silly placeDep node_modules/vite-node @esbuild/linux-riscv64@0.21.5 OK for: esbuild@0.21.5 want: 0.21.5
1645 silly placeDep node_modules/vite-node @esbuild/linux-s390x@0.21.5 OK for: esbuild@0.21.5 want: 0.21.5
1646 silly placeDep node_modules/vite-node @esbuild/linux-x64@0.21.5 OK for: esbuild@0.21.5 want: 0.21.5
1647 silly placeDep node_modules/vite-node @esbuild/netbsd-x64@0.21.5 OK for: esbuild@0.21.5 want: 0.21.5
1648 silly placeDep node_modules/vite-node @esbuild/openbsd-x64@0.21.5 OK for: esbuild@0.21.5 want: 0.21.5
1649 silly placeDep node_modules/vite-node @esbuild/sunos-x64@0.21.5 OK for: esbuild@0.21.5 want: 0.21.5
1650 silly placeDep node_modules/vite-node @esbuild/win32-arm64@0.21.5 OK for: esbuild@0.21.5 want: 0.21.5
1651 silly placeDep node_modules/vite-node @esbuild/win32-ia32@0.21.5 OK for: esbuild@0.21.5 want: 0.21.5
1652 silly placeDep node_modules/vite-node @esbuild/win32-x64@0.21.5 OK for: esbuild@0.21.5 want: 0.21.5
1653 silly placeDep node_modules/vitest estree-walker@3.0.3 OK for: @vitest/mocker@2.1.9 want: ^3.0.3
1654 silly placeDep node_modules/vitest esbuild@0.21.5 OK for: vite@5.4.21 want: ^0.21.3
1655 silly placeDep node_modules/vitest @esbuild/aix-ppc64@0.21.5 OK for: esbuild@0.21.5 want: 0.21.5
1656 silly placeDep node_modules/vitest @esbuild/android-arm@0.21.5 OK for: esbuild@0.21.5 want: 0.21.5
1657 silly placeDep node_modules/vitest @esbuild/android-arm64@0.21.5 OK for: esbuild@0.21.5 want: 0.21.5
1658 silly placeDep node_modules/vitest @esbuild/android-x64@0.21.5 OK for: esbuild@0.21.5 want: 0.21.5
1659 silly placeDep node_modules/vitest @esbuild/darwin-arm64@0.21.5 OK for: esbuild@0.21.5 want: 0.21.5
1660 silly placeDep node_modules/vitest @esbuild/darwin-x64@0.21.5 OK for: esbuild@0.21.5 want: 0.21.5
1661 silly placeDep node_modules/vitest @esbuild/freebsd-arm64@0.21.5 OK for: esbuild@0.21.5 want: 0.21.5
1662 silly placeDep node_modules/vitest @esbuild/freebsd-x64@0.21.5 OK for: esbuild@0.21.5 want: 0.21.5
1663 silly placeDep node_modules/vitest @esbuild/linux-arm@0.21.5 OK for: esbuild@0.21.5 want: 0.21.5
1664 silly placeDep node_modules/vitest @esbuild/linux-arm64@0.21.5 OK for: esbuild@0.21.5 want: 0.21.5
1665 silly placeDep node_modules/vitest @esbuild/linux-ia32@0.21.5 OK for: esbuild@0.21.5 want: 0.21.5
1666 silly placeDep node_modules/vitest @esbuild/linux-loong64@0.21.5 OK for: esbuild@0.21.5 want: 0.21.5
1667 silly placeDep node_modules/vitest @esbuild/linux-mips64el@0.21.5 OK for: esbuild@0.21.5 want: 0.21.5
1668 silly placeDep node_modules/vitest @esbuild/linux-ppc64@0.21.5 OK for: esbuild@0.21.5 want: 0.21.5
1669 silly placeDep node_modules/vitest @esbuild/linux-riscv64@0.21.5 OK for: esbuild@0.21.5 want: 0.21.5
1670 silly placeDep node_modules/vitest @esbuild/linux-s390x@0.21.5 OK for: esbuild@0.21.5 want: 0.21.5
1671 silly placeDep node_modules/vitest @esbuild/linux-x64@0.21.5 OK for: esbuild@0.21.5 want: 0.21.5
1672 silly placeDep node_modules/vitest @esbuild/netbsd-x64@0.21.5 OK for: esbuild@0.21.5 want: 0.21.5
1673 silly placeDep node_modules/vitest @esbuild/openbsd-x64@0.21.5 OK for: esbuild@0.21.5 want: 0.21.5
1674 silly placeDep node_modules/vitest @esbuild/sunos-x64@0.21.5 OK for: esbuild@0.21.5 want: 0.21.5
1675 silly placeDep node_modules/vitest @esbuild/win32-arm64@0.21.5 OK for: esbuild@0.21.5 want: 0.21.5
1676 silly placeDep node_modules/vitest @esbuild/win32-ia32@0.21.5 OK for: esbuild@0.21.5 want: 0.21.5
1677 silly placeDep node_modules/vitest @esbuild/win32-x64@0.21.5 OK for: esbuild@0.21.5 want: 0.21.5
1678 silly placeDep ROOT color-convert@2.0.1 OK for: ansi-styles@4.3.0 want: ^2.0.1
1679 silly fetch manifest color-name@~1.1.4
1680 silly packumentCache full:https://registry.npmjs.org/color-name cache-miss
1681 http fetch GET 200 https://registry.npmjs.org/color-name 1018ms (cache miss)
1682 silly packumentCache full:https://registry.npmjs.org/color-name set size:undefined disposed:false
1683 silly placeDep ROOT color-name@1.1.4 OK for: color-convert@2.0.1 want: ~1.1.4
1684 silly placeDep node_modules/wrap-ansi-cjs emoji-regex@8.0.0 OK for: string-width@4.2.3 want: ^8.0.0
1685 silly placeDep node_modules/wrap-ansi-cjs ansi-regex@5.0.1 OK for: strip-ansi@6.0.1 want: ^5.0.1
1686 silly reify moves {}
1687 silly audit bulk request {
1687 silly audit   '@element-plus/icons-vue': [ '2.3.2' ],
1687 silly audit   vue: [ '3.5.34' ],
1687 silly audit   '@types/node': [ '22.19.19' ],
1687 silly audit   '@vitejs/plugin-vue': [ '5.2.4' ],
1687 silly audit   vite: [ '6.4.2', '5.4.21' ],
1687 silly audit   '@vue/test-utils': [ '2.4.10' ],
1687 silly audit   '@vue/compiler-dom': [ '3.5.34' ],
1687 silly audit   axios: [ '1.16.0' ],
1687 silly audit   dayjs: [ '1.11.20' ],
1687 silly audit   'element-plus': [ '2.14.0' ],
1687 silly audit   jsdom: [ '25.0.1' ],
1687 silly audit   'lucide-vue-next': [ '0.469.0' ],
1687 silly audit   pinia: [ '2.3.1' ],
1687 silly audit   typescript: [ '5.7.3' ],
1687 silly audit   vitest: [ '2.1.9' ],
1687 silly audit   'vue-router': [ '4.6.4' ],
1687 silly audit   'vue-tsc': [ '2.2.12' ],
1687 silly audit   'undici-types': [ '6.21.0' ],
1687 silly audit   '@vue/compiler-core': [ '3.5.34' ],
1687 silly audit   '@vue/shared': [ '3.5.34' ],
1687 silly audit   '@babel/parser': [ '7.29.3' ],
1687 silly audit   entities: [ '7.0.1', '6.0.1' ],
1687 silly audit   'estree-walker': [ '2.0.2', '3.0.3' ],
1687 silly audit   'source-map-js': [ '1.2.1' ],
1687 silly audit   '@babel/types': [ '7.29.0' ],
1687 silly audit   '@babel/helper-string-parser': [ '7.27.1' ],
1687 silly audit   '@babel/helper-validator-identifier': [ '7.28.5' ],
1687 silly audit   'js-beautify': [ '1.15.4' ],
1687 silly audit   'vue-component-type-helpers': [ '3.2.8' ],
1687 silly audit   'follow-redirects': [ '1.16.0' ],
1687 silly audit   'form-data': [ '4.0.5' ],
1687 silly audit   'proxy-from-env': [ '2.1.0' ],
1687 silly audit   '@ctrl/tinycolor': [ '4.2.0' ],
1687 silly audit   '@floating-ui/dom': [ '1.7.6' ],
1687 silly audit   '@sxzz/popperjs-es': [ '2.11.8' ],
1687 silly audit   '@types/lodash': [ '4.17.24' ],
1687 silly audit   '@types/lodash-es': [ '4.17.12' ],
1687 silly audit   '@vueuse/core': [ '14.3.0' ],
1687 silly audit   'async-validator': [ '4.2.5' ],
1687 silly audit   lodash: [ '4.18.1' ],
1687 silly audit   'lodash-es': [ '4.18.1' ],
1687 silly audit   'lodash-unified': [ '1.0.3' ],
1687 silly audit   'memoize-one': [ '6.0.0' ],
1687 silly audit   'normalize-wheel-es': [ '1.2.0' ],
1687 silly audit   '@floating-ui/core': [ '1.7.5' ],
1687 silly audit   '@floating-ui/utils': [ '0.2.11' ],
1687 silly audit   '@types/web-bluetooth': [ '0.0.21' ],
1687 silly audit   '@vueuse/metadata': [ '14.3.0' ],
1687 silly audit   '@vueuse/shared': [ '14.3.0' ],
1687 silly audit   asynckit: [ '0.4.0' ],
1687 silly audit   'combined-stream': [ '1.0.8' ],
1687 silly audit   'es-set-tostringtag': [ '2.1.0' ],
1687 silly audit   hasown: [ '2.0.3' ],
1687 silly audit   'mime-types': [ '2.1.35' ],
1687 silly audit   'delayed-stream': [ '1.0.0' ],
1687 silly audit   'es-errors': [ '1.3.0' ],
1687 silly audit   'get-intrinsic': [ '1.3.0' ],
1687 silly audit   'has-tostringtag': [ '1.0.2' ],
1687 silly audit   'call-bind-apply-helpers': [ '1.0.2' ],
1687 silly audit   'es-define-property': [ '1.0.1' ],
1687 silly audit   'es-object-atoms': [ '1.1.1' ],
1687 silly audit   'function-bind': [ '1.1.2' ],
1687 silly audit   'get-proto': [ '1.0.1' ],
1687 silly audit   gopd: [ '1.2.0' ],
1687 silly audit   'has-symbols': [ '1.1.0' ],
1687 silly audit   'math-intrinsics': [ '1.1.0' ],
1687 silly audit   'dunder-proto': [ '1.0.1' ],
1687 silly audit   'config-chain': [ '1.1.13' ],
1687 silly audit   editorconfig: [ '1.0.7' ],
1687 silly audit   glob: [ '10.5.0' ],
1687 silly audit   'js-cookie': [ '3.0.5' ],
1687 silly audit   nopt: [ '7.2.1' ],
1687 silly audit   ini: [ '1.3.8' ],
1687 silly audit   'proto-list': [ '1.2.4' ],
1687 silly audit   '@one-ini/wasm': [ '0.1.1' ],
1687 silly audit   commander: [ '10.0.1' ],
1687 silly audit   minimatch: [ '9.0.9' ],
1687 silly audit   semver: [ '7.8.0' ],
1687 silly audit   'foreground-child': [ '3.3.1' ],
1687 silly audit   jackspeak: [ '3.4.3' ],
1687 silly audit   minipass: [ '7.1.3' ],
1687 silly audit   'package-json-from-dist': [ '1.0.1' ],
1687 silly audit   'path-scurry': [ '1.11.1' ],
1687 silly audit   'cross-spawn': [ '7.0.6' ],
1687 silly audit   'signal-exit': [ '4.1.0' ],
1687 silly audit   'path-key': [ '3.1.1' ],
1687 silly audit   'shebang-command': [ '2.0.0' ],
1687 silly audit   which: [ '2.0.2' ],
1687 silly audit   '@isaacs/cliui': [ '8.0.2' ],
1687 silly audit   '@pkgjs/parseargs': [ '0.11.0' ],
1687 silly audit   'string-width': [ '5.1.2', '4.2.3' ],
1687 silly audit   'strip-ansi': [ '7.2.0', '6.0.1' ],
1687 silly audit   'wrap-ansi': [ '8.1.0', '7.0.0' ],
1687 silly audit   cssstyle: [ '4.6.0' ],
1687 silly audit   'data-urls': [ '5.0.0' ],
1687 silly audit   'decimal.js': [ '10.6.0' ],
1687 silly audit   'html-encoding-sniffer': [ '4.0.0' ],
1687 silly audit   'http-proxy-agent': [ '7.0.2' ],
1687 silly audit   'https-proxy-agent': [ '7.0.6' ],
1687 silly audit   'is-potential-custom-element-name': [ '1.0.1' ],
1687 silly audit   nwsapi: [ '2.2.23' ],
1687 silly audit   parse5: [ '7.3.0' ],
1687 silly audit   'rrweb-cssom': [ '0.7.1', '0.8.0' ],
1687 silly audit   saxes: [ '6.0.0' ],
1687 silly audit   'symbol-tree': [ '3.2.4' ],
1687 silly audit   'tough-cookie': [ '5.1.2' ],
1687 silly audit   'w3c-xmlserializer': [ '5.0.0' ],
1687 silly audit   'webidl-conversions': [ '7.0.0' ],
1687 silly audit   'whatwg-encoding': [ '3.1.1' ],
1687 silly audit   'whatwg-mimetype': [ '4.0.0' ],
1687 silly audit   'whatwg-url': [ '14.2.0' ],
1687 silly audit   ws: [ '8.20.1' ],
1687 silly audit   'xml-name-validator': [ '5.0.0' ],
1687 silly audit   '@asamuzakjp/css-color': [ '3.2.0' ],
1687 silly audit   '@csstools/css-calc': [ '2.1.4' ],
1687 silly audit   '@csstools/css-tokenizer': [ '3.0.4' ],
1687 silly audit   '@csstools/css-parser-algorithms': [ '3.0.5' ],
1687 silly audit   '@csstools/css-color-parser': [ '3.1.0' ],
1687 silly audit   'lru-cache': [ '10.4.3' ],
1687 silly audit   '@csstools/color-helpers': [ '5.1.0' ],
1687 silly audit   'agent-base': [ '7.1.4' ],
1687 silly audit   debug: [ '4.4.3' ],
1687 silly audit   ms: [ '2.1.3' ],
1687 silly audit   'mime-db': [ '1.52.0' ],
1687 silly audit   'brace-expansion': [ '2.1.0' ],
1687 silly audit   'balanced-match': [ '1.0.2' ],
1687 silly audit   abbrev: [ '2.0.0' ],
1687 silly audit   '@vue/devtools-api': [ '6.6.4' ],
1687 silly audit   'vue-demi': [ '0.14.10' ],
1687 silly audit   xmlchars: [ '2.2.0' ],
1687 silly audit   'shebang-regex': [ '3.0.0' ],
1687 silly audit   eastasianwidth: [ '0.2.0' ],
1687 silly audit   'emoji-regex': [ '9.2.2', '8.0.0' ],
1687 silly audit   'is-fullwidth-code-point': [ '3.0.0' ],
1687 silly audit   'ansi-regex': [ '6.2.2', '5.0.1' ],
1687 silly audit   tldts: [ '6.1.86' ],
1687 silly audit   'tldts-core': [ '6.1.86' ],
1687 silly audit   esbuild: [ '0.25.12', '0.21.5' ],
1687 silly audit   fdir: [ '6.5.0' ],
1687 silly audit   fsevents: [ '2.3.3' ],
1687 silly audit   picomatch: [ '4.0.4' ],
1687 silly audit   postcss: [ '8.5.14' ],
1687 silly audit   rollup: [ '4.60.3' ],
1687 silly audit   tinyglobby: [ '0.2.16' ],
1687 silly audit   '@esbuild/aix-ppc64': [ '0.25.12', '0.21.5' ],
1687 silly audit   '@esbuild/android-arm': [ '0.25.12', '0.21.5' ],
1687 silly audit   '@esbuild/android-arm64': [ '0.25.12', '0.21.5' ],
1687 silly audit   '@esbuild/android-x64': [ '0.25.12', '0.21.5' ],
1687 silly audit   '@esbuild/darwin-arm64': [ '0.25.12', '0.21.5' ],
1687 silly audit   '@esbuild/darwin-x64': [ '0.25.12', '0.21.5' ],
1687 silly audit   '@esbuild/freebsd-arm64': [ '0.25.12', '0.21.5' ],
1687 silly audit   '@esbuild/freebsd-x64': [ '0.25.12', '0.21.5' ],
1687 silly audit   '@esbuild/linux-arm': [ '0.25.12', '0.21.5' ],
1687 silly audit   '@esbuild/linux-arm64': [ '0.25.12', '0.21.5' ],
1687 silly audit   '@esbuild/linux-ia32': [ '0.25.12', '0.21.5' ],
1687 silly audit   '@esbuild/linux-loong64': [ '0.25.12', '0.21.5' ],
1687 silly audit   '@esbuild/linux-mips64el': [ '0.25.12', '0.21.5' ],
1687 silly audit   '@esbuild/linux-ppc64': [ '0.25.12', '0.21.5' ],
1687 silly audit   '@esbuild/linux-riscv64': [ '0.25.12', '0.21.5' ],
1687 silly audit   '@esbuild/linux-s390x': [ '0.25.12', '0.21.5' ],
1687 silly audit   '@esbuild/linux-x64': [ '0.25.12', '0.21.5' ],
1687 silly audit   '@esbuild/netbsd-arm64': [ '0.25.12' ],
1687 silly audit   '@esbuild/netbsd-x64': [ '0.25.12', '0.21.5' ],
1687 silly audit   '@esbuild/openbsd-arm64': [ '0.25.12' ],
1687 silly audit   '@esbuild/openbsd-x64': [ '0.25.12', '0.21.5' ],
1687 silly audit   '@esbuild/openharmony-arm64': [ '0.25.12' ],
1687 silly audit   '@esbuild/sunos-x64': [ '0.25.12', '0.21.5' ],
1687 silly audit   '@esbuild/win32-arm64': [ '0.25.12', '0.21.5' ],
1687 silly audit   '@esbuild/win32-ia32': [ '0.25.12', '0.21.5' ],
1687 silly audit   '@esbuild/win32-x64': [ '0.25.12', '0.21.5' ],
1687 silly audit   nanoid: [ '3.3.12' ],
1687 silly audit   picocolors: [ '1.1.1' ],
1687 silly audit   '@rollup/rollup-android-arm-eabi': [ '4.60.3' ],
1687 silly audit   '@rollup/rollup-android-arm64': [ '4.60.3' ],
1687 silly audit   '@rollup/rollup-darwin-arm64': [ '4.60.3' ],
1687 silly audit   '@rollup/rollup-darwin-x64': [ '4.60.3' ],
1687 silly audit   '@rollup/rollup-freebsd-arm64': [ '4.60.3' ],
1687 silly audit   '@rollup/rollup-freebsd-x64': [ '4.60.3' ],
1687 silly audit   '@rollup/rollup-linux-arm-gnueabihf': [ '4.60.3' ],
1687 silly audit   '@rollup/rollup-linux-arm-musleabihf': [ '4.60.3' ],
1687 silly audit   '@rollup/rollup-linux-arm64-gnu': [ '4.60.3' ],
1687 silly audit   '@rollup/rollup-linux-arm64-musl': [ '4.60.3' ],
1687 silly audit   '@rollup/rollup-linux-loong64-gnu': [ '4.60.3' ],
1687 silly audit   '@rollup/rollup-linux-loong64-musl': [ '4.60.3' ],
1687 silly audit   '@rollup/rollup-linux-ppc64-gnu': [ '4.60.3' ],
1687 silly audit   '@rollup/rollup-linux-ppc64-musl': [ '4.60.3' ],
1687 silly audit   '@rollup/rollup-linux-riscv64-gnu': [ '4.60.3' ],
1687 silly audit   '@rollup/rollup-linux-riscv64-musl': [ '4.60.3' ],
1687 silly audit   '@rollup/rollup-linux-s390x-gnu': [ '4.60.3' ],
1687 silly audit   '@rollup/rollup-linux-x64-gnu': [ '4.60.3' ],
1687 silly audit   '@rollup/rollup-linux-x64-musl': [ '4.60.3' ],
1687 silly audit   '@rollup/rollup-openbsd-x64': [ '4.60.3' ],
1687 silly audit   '@rollup/rollup-openharmony-arm64': [ '4.60.3' ],
1687 silly audit   '@rollup/rollup-win32-arm64-msvc': [ '4.60.3' ],
1687 silly audit   '@rollup/rollup-win32-ia32-msvc': [ '4.60.3' ],
1687 silly audit   '@rollup/rollup-win32-x64-gnu': [ '4.60.3' ],
1687 silly audit   '@rollup/rollup-win32-x64-msvc': [ '4.60.3' ],
1687 silly audit   '@types/estree': [ '1.0.8' ],
1687 silly audit   '@vitest/expect': [ '2.1.9' ],
1687 silly audit   '@vitest/mocker': [ '2.1.9' ],
1687 silly audit   '@vitest/pretty-format': [ '2.1.9' ],
1687 silly audit   '@vitest/runner': [ '2.1.9' ],
1687 silly audit   '@vitest/snapshot': [ '2.1.9' ],
1687 silly audit   '@vitest/spy': [ '2.1.9' ],
1687 silly audit   '@vitest/utils': [ '2.1.9' ],
1687 silly audit   chai: [ '5.3.3' ],
1687 silly audit   'expect-type': [ '1.3.0' ],
1687 silly audit   'magic-string': [ '0.30.21' ],
1687 silly audit   pathe: [ '1.1.2' ],
1687 silly audit   'std-env': [ '3.10.0' ],
1687 silly audit   tinybench: [ '2.9.0' ],
1687 silly audit   tinyexec: [ '0.3.2' ],
1687 silly audit   tinypool: [ '1.1.1' ],
1687 silly audit   tinyrainbow: [ '1.2.0' ],
1687 silly audit   'vite-node': [ '2.1.9' ],
1687 silly audit   'why-is-node-running': [ '2.3.0' ],
1687 silly audit   tinyspy: [ '3.0.2' ],
1687 silly audit   loupe: [ '3.2.1' ],
1687 silly audit   'assertion-error': [ '2.0.1' ],
1687 silly audit   'check-error': [ '2.1.3' ],
1687 silly audit   'deep-eql': [ '5.0.2' ],
1687 silly audit   pathval: [ '2.0.1' ],
1687 silly audit   '@jridgewell/sourcemap-codec': [ '1.5.5' ],
1687 silly audit   cac: [ '6.7.14' ],
1687 silly audit   'es-module-lexer': [ '1.7.0' ],
1687 silly audit   '@vue/compiler-sfc': [ '3.5.34' ],
1687 silly audit   '@vue/runtime-dom': [ '3.5.34' ],
1687 silly audit   '@vue/server-renderer': [ '3.5.34' ],
1687 silly audit   '@vue/compiler-ssr': [ '3.5.34' ],
1687 silly audit   '@vue/reactivity': [ '3.5.34' ],
1687 silly audit   '@vue/runtime-core': [ '3.5.34' ],
1687 silly audit   csstype: [ '3.2.3' ],
1687 silly audit   '@volar/typescript': [ '2.4.15' ],
1687 silly audit   '@vue/language-core': [ '2.2.12' ],
1687 silly audit   '@volar/language-core': [ '2.4.15' ],
1687 silly audit   'path-browserify': [ '1.0.1' ],
1687 silly audit   'vscode-uri': [ '3.1.0' ],
1687 silly audit   '@volar/source-map': [ '2.4.15' ],
1687 silly audit   '@vue/compiler-vue2': [ '2.7.16' ],
1687 silly audit   'alien-signals': [ '1.0.13' ],
1687 silly audit   'muggle-string': [ '0.4.1' ],
1687 silly audit   'de-indent': [ '1.0.2' ],
1687 silly audit   he: [ '1.2.0' ],
1687 silly audit   'iconv-lite': [ '0.6.3' ],
1687 silly audit   'safer-buffer': [ '2.1.2' ],
1687 silly audit   tr46: [ '5.1.1' ],
1687 silly audit   punycode: [ '2.3.1' ],
1687 silly audit   isexe: [ '2.0.0' ],
1687 silly audit   siginfo: [ '2.0.0' ],
1687 silly audit   stackback: [ '0.0.2' ],
1687 silly audit   'ansi-styles': [ '6.2.3', '4.3.0' ],
1687 silly audit   'color-convert': [ '2.0.1' ],
1687 silly audit   'color-name': [ '1.1.4' ]
1687 silly audit }
1688 http cache ansi-styles@https://registry.npmjs.org/ansi-styles/-/ansi-styles-6.2.3.tgz 0ms (cache hit)
1689 http cache color-name@https://registry.npmjs.org/color-name/-/color-name-1.1.4.tgz 0ms (cache hit)
1690 http cache stackback@https://registry.npmjs.org/stackback/-/stackback-0.0.2.tgz 0ms (cache hit)
1691 http cache color-convert@https://registry.npmjs.org/color-convert/-/color-convert-2.0.1.tgz 0ms (cache hit)
1692 http cache isexe@https://registry.npmjs.org/isexe/-/isexe-2.0.0.tgz 0ms (cache hit)
1693 http cache siginfo@https://registry.npmjs.org/siginfo/-/siginfo-2.0.0.tgz 0ms (cache hit)
1694 http cache tr46@https://registry.npmjs.org/tr46/-/tr46-5.1.1.tgz 0ms (cache hit)
1695 http cache safer-buffer@https://registry.npmjs.org/safer-buffer/-/safer-buffer-2.1.2.tgz 0ms (cache hit)
1696 http cache he@https://registry.npmjs.org/he/-/he-1.2.0.tgz 0ms (cache hit)
1697 http cache @vue/compiler-vue2@https://registry.npmjs.org/@vue/compiler-vue2/-/compiler-vue2-2.7.16.tgz 0ms (cache hit)
1698 http cache iconv-lite@https://registry.npmjs.org/iconv-lite/-/iconv-lite-0.6.3.tgz 0ms (cache hit)
1699 http cache de-indent@https://registry.npmjs.org/de-indent/-/de-indent-1.0.2.tgz 0ms (cache hit)
1700 http cache punycode@https://registry.npmjs.org/punycode/-/punycode-2.3.1.tgz 0ms (cache hit)
1701 http cache alien-signals@https://registry.npmjs.org/alien-signals/-/alien-signals-1.0.13.tgz 0ms (cache hit)
1702 http cache @vue/language-core@https://registry.npmjs.org/@vue/language-core/-/language-core-2.2.12.tgz 0ms (cache hit)
1703 http cache path-browserify@https://registry.npmjs.org/path-browserify/-/path-browserify-1.0.1.tgz 0ms (cache hit)
1704 http cache @volar/source-map@https://registry.npmjs.org/@volar/source-map/-/source-map-2.4.15.tgz 0ms (cache hit)
1705 http cache vscode-uri@https://registry.npmjs.org/vscode-uri/-/vscode-uri-3.1.0.tgz 0ms (cache hit)
1706 http cache muggle-string@https://registry.npmjs.org/muggle-string/-/muggle-string-0.4.1.tgz 0ms (cache hit)
1707 http cache @volar/typescript@https://registry.npmjs.org/@volar/typescript/-/typescript-2.4.15.tgz 0ms (cache hit)
1708 http cache @vue/runtime-core@https://registry.npmjs.org/@vue/runtime-core/-/runtime-core-3.5.34.tgz 0ms (cache hit)
1709 http cache @volar/language-core@https://registry.npmjs.org/@volar/language-core/-/language-core-2.4.15.tgz 0ms (cache hit)
1710 http cache csstype@https://registry.npmjs.org/csstype/-/csstype-3.2.3.tgz 0ms (cache hit)
1711 http cache @vue/reactivity@https://registry.npmjs.org/@vue/reactivity/-/reactivity-3.5.34.tgz 0ms (cache hit)
1712 http cache es-module-lexer@https://registry.npmjs.org/es-module-lexer/-/es-module-lexer-1.7.0.tgz 0ms (cache hit)
1713 http cache cac@https://registry.npmjs.org/cac/-/cac-6.7.14.tgz 0ms (cache hit)
1714 http cache @vue/runtime-dom@https://registry.npmjs.org/@vue/runtime-dom/-/runtime-dom-3.5.34.tgz 0ms (cache hit)
1715 http cache @jridgewell/sourcemap-codec@https://registry.npmjs.org/@jridgewell/sourcemap-codec/-/sourcemap-codec-1.5.5.tgz 0ms (cache hit)
1716 http cache pathval@https://registry.npmjs.org/pathval/-/pathval-2.0.1.tgz 0ms (cache hit)
1717 http cache @vue/server-renderer@https://registry.npmjs.org/@vue/server-renderer/-/server-renderer-3.5.34.tgz 0ms (cache hit)
1718 http cache @vue/compiler-ssr@https://registry.npmjs.org/@vue/compiler-ssr/-/compiler-ssr-3.5.34.tgz 0ms (cache hit)
1719 http cache @vue/compiler-sfc@https://registry.npmjs.org/@vue/compiler-sfc/-/compiler-sfc-3.5.34.tgz 0ms (cache hit)
1720 http cache deep-eql@https://registry.npmjs.org/deep-eql/-/deep-eql-5.0.2.tgz 0ms (cache hit)
1721 http cache assertion-error@https://registry.npmjs.org/assertion-error/-/assertion-error-2.0.1.tgz 0ms (cache hit)
1722 http cache loupe@https://registry.npmjs.org/loupe/-/loupe-3.2.1.tgz 0ms (cache hit)
1723 http cache check-error@https://registry.npmjs.org/check-error/-/check-error-2.1.3.tgz 0ms (cache hit)
1724 http cache why-is-node-running@https://registry.npmjs.org/why-is-node-running/-/why-is-node-running-2.3.0.tgz 0ms (cache hit)
1725 http cache tinyspy@https://registry.npmjs.org/tinyspy/-/tinyspy-3.0.2.tgz 0ms (cache hit)
1726 http cache vite-node@https://registry.npmjs.org/vite-node/-/vite-node-2.1.9.tgz 0ms (cache hit)
1727 http cache tinyrainbow@https://registry.npmjs.org/tinyrainbow/-/tinyrainbow-1.2.0.tgz 0ms (cache hit)
1728 http cache tinypool@https://registry.npmjs.org/tinypool/-/tinypool-1.1.1.tgz 0ms (cache hit)
1729 http cache tinybench@https://registry.npmjs.org/tinybench/-/tinybench-2.9.0.tgz 0ms (cache hit)
1730 http cache @vitest/spy@https://registry.npmjs.org/@vitest/spy/-/spy-2.1.9.tgz 0ms (cache hit)
1731 http cache std-env@https://registry.npmjs.org/std-env/-/std-env-3.10.0.tgz 0ms (cache hit)
1732 http cache pathe@https://registry.npmjs.org/pathe/-/pathe-1.1.2.tgz 0ms (cache hit)
1733 http cache tinyexec@https://registry.npmjs.org/tinyexec/-/tinyexec-0.3.2.tgz 0ms (cache hit)
1734 http cache @vitest/utils@https://registry.npmjs.org/@vitest/utils/-/utils-2.1.9.tgz 0ms (cache hit)
1735 http cache expect-type@https://registry.npmjs.org/expect-type/-/expect-type-1.3.0.tgz 0ms (cache hit)
1736 http cache chai@https://registry.npmjs.org/chai/-/chai-5.3.3.tgz 0ms (cache hit)
1737 http cache magic-string@https://registry.npmjs.org/magic-string/-/magic-string-0.30.21.tgz 0ms (cache hit)
1738 http cache @types/estree@https://registry.npmjs.org/@types/estree/-/estree-1.0.8.tgz 0ms (cache hit)
1739 http cache @vitest/snapshot@https://registry.npmjs.org/@vitest/snapshot/-/snapshot-2.1.9.tgz 0ms (cache hit)
1740 http cache @vitest/runner@https://registry.npmjs.org/@vitest/runner/-/runner-2.1.9.tgz 0ms (cache hit)
1741 http cache @rollup/rollup-win32-x64-gnu@https://registry.npmjs.org/@rollup/rollup-win32-x64-gnu/-/rollup-win32-x64-gnu-4.60.3.tgz 0ms (cache hit)
1742 http cache @vitest/expect@https://registry.npmjs.org/@vitest/expect/-/expect-2.1.9.tgz 0ms (cache hit)
1743 http cache @rollup/rollup-win32-x64-msvc@https://registry.npmjs.org/@rollup/rollup-win32-x64-msvc/-/rollup-win32-x64-msvc-4.60.3.tgz 0ms (cache hit)
1744 http cache @esbuild/win32-x64@https://registry.npmjs.org/@esbuild/win32-x64/-/win32-x64-0.25.12.tgz 0ms (cache hit)
1745 http cache picocolors@https://registry.npmjs.org/picocolors/-/picocolors-1.1.1.tgz 0ms (cache hit)
1746 http cache nanoid@https://registry.npmjs.org/nanoid/-/nanoid-3.3.12.tgz 0ms (cache hit)
1747 http cache tinyglobby@https://registry.npmjs.org/tinyglobby/-/tinyglobby-0.2.16.tgz 0ms (cache hit)
1748 http cache rollup@https://registry.npmjs.org/rollup/-/rollup-4.60.3.tgz 0ms (cache hit)
1749 http cache fdir@https://registry.npmjs.org/fdir/-/fdir-6.5.0.tgz 0ms (cache hit)
1750 http cache picomatch@https://registry.npmjs.org/picomatch/-/picomatch-4.0.4.tgz 0ms (cache hit)
1751 http cache postcss@https://registry.npmjs.org/postcss/-/postcss-8.5.14.tgz 0ms (cache hit)
1752 http cache esbuild@https://registry.npmjs.org/esbuild/-/esbuild-0.25.12.tgz 0ms (cache hit)
1753 http cache tldts-core@https://registry.npmjs.org/tldts-core/-/tldts-core-6.1.86.tgz 0ms (cache hit)
1754 http cache tldts@https://registry.npmjs.org/tldts/-/tldts-6.1.86.tgz 0ms (cache hit)
1755 http cache ansi-regex@https://registry.npmjs.org/ansi-regex/-/ansi-regex-6.2.2.tgz 0ms (cache hit)
1756 http cache is-fullwidth-code-point@https://registry.npmjs.org/is-fullwidth-code-point/-/is-fullwidth-code-point-3.0.0.tgz 0ms (cache hit)
1757 http cache @vue/devtools-api@https://registry.npmjs.org/@vue/devtools-api/-/devtools-api-6.6.4.tgz 0ms (cache hit)
1758 http cache emoji-regex@https://registry.npmjs.org/emoji-regex/-/emoji-regex-9.2.2.tgz 0ms (cache hit)
1759 http cache eastasianwidth@https://registry.npmjs.org/eastasianwidth/-/eastasianwidth-0.2.0.tgz 0ms (cache hit)
1760 http cache shebang-regex@https://registry.npmjs.org/shebang-regex/-/shebang-regex-3.0.0.tgz 0ms (cache hit)
1761 http cache xmlchars@https://registry.npmjs.org/xmlchars/-/xmlchars-2.2.0.tgz 0ms (cache hit)
1762 http cache abbrev@https://registry.npmjs.org/abbrev/-/abbrev-2.0.0.tgz 0ms (cache hit)
1763 http cache vue-demi@https://registry.npmjs.org/vue-demi/-/vue-demi-0.14.10.tgz 0ms (cache hit)
1764 http cache balanced-match@https://registry.npmjs.org/balanced-match/-/balanced-match-1.0.2.tgz 0ms (cache hit)
1765 http cache brace-expansion@https://registry.npmjs.org/brace-expansion/-/brace-expansion-2.1.0.tgz 0ms (cache hit)
1766 http cache ms@https://registry.npmjs.org/ms/-/ms-2.1.3.tgz 0ms (cache hit)
1767 http cache debug@https://registry.npmjs.org/debug/-/debug-4.4.3.tgz 0ms (cache hit)
1768 http cache agent-base@https://registry.npmjs.org/agent-base/-/agent-base-7.1.4.tgz 0ms (cache hit)
1769 http cache mime-db@https://registry.npmjs.org/mime-db/-/mime-db-1.52.0.tgz 0ms (cache hit)
1770 http cache lru-cache@https://registry.npmjs.org/lru-cache/-/lru-cache-10.4.3.tgz 0ms (cache hit)
1771 http cache @csstools/css-tokenizer@https://registry.npmjs.org/@csstools/css-tokenizer/-/css-tokenizer-3.0.4.tgz 0ms (cache hit)
1772 http cache @asamuzakjp/css-color@https://registry.npmjs.org/@asamuzakjp/css-color/-/css-color-3.2.0.tgz 0ms (cache hit)
1773 http cache @csstools/css-parser-algorithms@https://registry.npmjs.org/@csstools/css-parser-algorithms/-/css-parser-algorithms-3.0.5.tgz 0ms (cache hit)
1774 http cache @csstools/color-helpers@https://registry.npmjs.org/@csstools/color-helpers/-/color-helpers-5.1.0.tgz 0ms (cache hit)
1775 http cache @csstools/css-calc@https://registry.npmjs.org/@csstools/css-calc/-/css-calc-2.1.4.tgz 0ms (cache hit)
1776 http cache @csstools/css-color-parser@https://registry.npmjs.org/@csstools/css-color-parser/-/css-color-parser-3.1.0.tgz 0ms (cache hit)
1777 http cache xml-name-validator@https://registry.npmjs.org/xml-name-validator/-/xml-name-validator-5.0.0.tgz 0ms (cache hit)
1778 http cache ws@https://registry.npmjs.org/ws/-/ws-8.20.1.tgz 0ms (cache hit)
1779 http cache whatwg-mimetype@https://registry.npmjs.org/whatwg-mimetype/-/whatwg-mimetype-4.0.0.tgz 0ms (cache hit)
1780 http cache whatwg-url@https://registry.npmjs.org/whatwg-url/-/whatwg-url-14.2.0.tgz 0ms (cache hit)
1781 http cache whatwg-encoding@https://registry.npmjs.org/whatwg-encoding/-/whatwg-encoding-3.1.1.tgz 0ms (cache hit)
1782 http cache w3c-xmlserializer@https://registry.npmjs.org/w3c-xmlserializer/-/w3c-xmlserializer-5.0.0.tgz 0ms (cache hit)
1783 http cache tough-cookie@https://registry.npmjs.org/tough-cookie/-/tough-cookie-5.1.2.tgz 0ms (cache hit)
1784 http cache webidl-conversions@https://registry.npmjs.org/webidl-conversions/-/webidl-conversions-7.0.0.tgz 0ms (cache hit)
1785 http cache symbol-tree@https://registry.npmjs.org/symbol-tree/-/symbol-tree-3.2.4.tgz 0ms (cache hit)
1786 http cache @vitest/pretty-format@https://registry.npmjs.org/@vitest/pretty-format/-/pretty-format-2.1.9.tgz 0ms (cache hit)
1787 http cache saxes@https://registry.npmjs.org/saxes/-/saxes-6.0.0.tgz 0ms (cache hit)
1788 http cache rrweb-cssom@https://registry.npmjs.org/rrweb-cssom/-/rrweb-cssom-0.7.1.tgz 0ms (cache hit)
1789 http cache parse5@https://registry.npmjs.org/parse5/-/parse5-7.3.0.tgz 0ms (cache hit)
1790 http cache nwsapi@https://registry.npmjs.org/nwsapi/-/nwsapi-2.2.23.tgz 0ms (cache hit)
1791 http cache is-potential-custom-element-name@https://registry.npmjs.org/is-potential-custom-element-name/-/is-potential-custom-element-name-1.0.1.tgz 0ms (cache hit)
1792 http cache http-proxy-agent@https://registry.npmjs.org/http-proxy-agent/-/http-proxy-agent-7.0.2.tgz 0ms (cache hit)
1793 http cache https-proxy-agent@https://registry.npmjs.org/https-proxy-agent/-/https-proxy-agent-7.0.6.tgz 0ms (cache hit)
1794 http cache html-encoding-sniffer@https://registry.npmjs.org/html-encoding-sniffer/-/html-encoding-sniffer-4.0.0.tgz 0ms (cache hit)
1795 http cache decimal.js@https://registry.npmjs.org/decimal.js/-/decimal.js-10.6.0.tgz 0ms (cache hit)
1796 http cache data-urls@https://registry.npmjs.org/data-urls/-/data-urls-5.0.0.tgz 0ms (cache hit)
1797 http cache wrap-ansi-cjs@https://registry.npmjs.org/wrap-ansi/-/wrap-ansi-7.0.0.tgz 0ms (cache hit)
1798 http cache cssstyle@https://registry.npmjs.org/cssstyle/-/cssstyle-4.6.0.tgz 0ms (cache hit)
1799 http cache wrap-ansi@https://registry.npmjs.org/wrap-ansi/-/wrap-ansi-8.1.0.tgz 0ms (cache hit)
1800 http cache strip-ansi-cjs@https://registry.npmjs.org/strip-ansi/-/strip-ansi-6.0.1.tgz 0ms (cache hit)
1801 http cache strip-ansi@https://registry.npmjs.org/strip-ansi/-/strip-ansi-7.2.0.tgz 0ms (cache hit)
1802 http cache @pkgjs/parseargs@https://registry.npmjs.org/@pkgjs/parseargs/-/parseargs-0.11.0.tgz 0ms (cache hit)
1803 http cache string-width@https://registry.npmjs.org/string-width/-/string-width-5.1.2.tgz 0ms (cache hit)
1804 http cache string-width-cjs@https://registry.npmjs.org/string-width/-/string-width-4.2.3.tgz 0ms (cache hit)
1805 http cache which@https://registry.npmjs.org/which/-/which-2.0.2.tgz 0ms (cache hit)
1806 http cache shebang-command@https://registry.npmjs.org/shebang-command/-/shebang-command-2.0.0.tgz 0ms (cache hit)
1807 http cache path-key@https://registry.npmjs.org/path-key/-/path-key-3.1.1.tgz 0ms (cache hit)
1808 http cache path-scurry@https://registry.npmjs.org/path-scurry/-/path-scurry-1.11.1.tgz 0ms (cache hit)
1809 http cache signal-exit@https://registry.npmjs.org/signal-exit/-/signal-exit-4.1.0.tgz 0ms (cache hit)
1810 http cache cross-spawn@https://registry.npmjs.org/cross-spawn/-/cross-spawn-7.0.6.tgz 0ms (cache hit)
1811 http cache @one-ini/wasm@https://registry.npmjs.org/@one-ini/wasm/-/wasm-0.1.1.tgz 0ms (cache hit)
1812 http cache minipass@https://registry.npmjs.org/minipass/-/minipass-7.1.3.tgz 0ms (cache hit)
1813 http cache package-json-from-dist@https://registry.npmjs.org/package-json-from-dist/-/package-json-from-dist-1.0.1.tgz 0ms (cache hit)
1814 http cache minimatch@https://registry.npmjs.org/minimatch/-/minimatch-9.0.9.tgz 0ms (cache hit)
1815 http cache foreground-child@https://registry.npmjs.org/foreground-child/-/foreground-child-3.3.1.tgz 0ms (cache hit)
1816 http cache @isaacs/cliui@https://registry.npmjs.org/@isaacs/cliui/-/cliui-8.0.2.tgz 0ms (cache hit)
1817 http cache semver@https://registry.npmjs.org/semver/-/semver-7.8.0.tgz 0ms (cache hit)
1818 http cache commander@https://registry.npmjs.org/commander/-/commander-10.0.1.tgz 0ms (cache hit)
1819 http cache proto-list@https://registry.npmjs.org/proto-list/-/proto-list-1.2.4.tgz 0ms (cache hit)
1820 http cache jackspeak@https://registry.npmjs.org/jackspeak/-/jackspeak-3.4.3.tgz 0ms (cache hit)
1821 http cache ini@https://registry.npmjs.org/ini/-/ini-1.3.8.tgz 0ms (cache hit)
1822 http cache nopt@https://registry.npmjs.org/nopt/-/nopt-7.2.1.tgz 0ms (cache hit)
1823 http cache js-cookie@https://registry.npmjs.org/js-cookie/-/js-cookie-3.0.5.tgz 0ms (cache hit)
1824 http cache glob@https://registry.npmjs.org/glob/-/glob-10.5.0.tgz 0ms (cache hit)
1825 http cache config-chain@https://registry.npmjs.org/config-chain/-/config-chain-1.1.13.tgz 0ms (cache hit)
1826 http cache dunder-proto@https://registry.npmjs.org/dunder-proto/-/dunder-proto-1.0.1.tgz 0ms (cache hit)
1827 http cache editorconfig@https://registry.npmjs.org/editorconfig/-/editorconfig-1.0.7.tgz 0ms (cache hit)
1828 http cache math-intrinsics@https://registry.npmjs.org/math-intrinsics/-/math-intrinsics-1.1.0.tgz 0ms (cache hit)
1829 http cache has-symbols@https://registry.npmjs.org/has-symbols/-/has-symbols-1.1.0.tgz 0ms (cache hit)
1830 http cache gopd@https://registry.npmjs.org/gopd/-/gopd-1.2.0.tgz 0ms (cache hit)
1831 http cache function-bind@https://registry.npmjs.org/function-bind/-/function-bind-1.1.2.tgz 0ms (cache hit)
1832 http cache es-object-atoms@https://registry.npmjs.org/es-object-atoms/-/es-object-atoms-1.1.1.tgz 0ms (cache hit)
1833 http cache get-proto@https://registry.npmjs.org/get-proto/-/get-proto-1.0.1.tgz 0ms (cache hit)
1834 http cache es-define-property@https://registry.npmjs.org/es-define-property/-/es-define-property-1.0.1.tgz 0ms (cache hit)
1835 http cache has-tostringtag@https://registry.npmjs.org/has-tostringtag/-/has-tostringtag-1.0.2.tgz 0ms (cache hit)
1836 http cache get-intrinsic@https://registry.npmjs.org/get-intrinsic/-/get-intrinsic-1.3.0.tgz 0ms (cache hit)
1837 http cache call-bind-apply-helpers@https://registry.npmjs.org/call-bind-apply-helpers/-/call-bind-apply-helpers-1.0.2.tgz 0ms (cache hit)
1838 http cache es-errors@https://registry.npmjs.org/es-errors/-/es-errors-1.3.0.tgz 0ms (cache hit)
1839 http cache @types/web-bluetooth@https://registry.npmjs.org/@types/web-bluetooth/-/web-bluetooth-0.0.21.tgz 0ms (cache hit)
1840 http cache hasown@https://registry.npmjs.org/hasown/-/hasown-2.0.3.tgz 0ms (cache hit)
1841 http cache delayed-stream@https://registry.npmjs.org/delayed-stream/-/delayed-stream-1.0.0.tgz 0ms (cache hit)
1842 http cache es-set-tostringtag@https://registry.npmjs.org/es-set-tostringtag/-/es-set-tostringtag-2.1.0.tgz 0ms (cache hit)
1843 http cache mime-types@https://registry.npmjs.org/mime-types/-/mime-types-2.1.35.tgz 0ms (cache hit)
1844 http cache asynckit@https://registry.npmjs.org/asynckit/-/asynckit-0.4.0.tgz 0ms (cache hit)
1845 http cache combined-stream@https://registry.npmjs.org/combined-stream/-/combined-stream-1.0.8.tgz 0ms (cache hit)
1846 http cache @floating-ui/utils@https://registry.npmjs.org/@floating-ui/utils/-/utils-0.2.11.tgz 0ms (cache hit)
1847 http cache @vueuse/shared@https://registry.npmjs.org/@vueuse/shared/-/shared-14.3.0.tgz 0ms (cache hit)
1848 http cache @floating-ui/core@https://registry.npmjs.org/@floating-ui/core/-/core-1.7.5.tgz 0ms (cache hit)
1849 http cache @vueuse/metadata@https://registry.npmjs.org/@vueuse/metadata/-/metadata-14.3.0.tgz 0ms (cache hit)
1850 http cache memoize-one@https://registry.npmjs.org/memoize-one/-/memoize-one-6.0.0.tgz 0ms (cache hit)
1851 http cache normalize-wheel-es@https://registry.npmjs.org/normalize-wheel-es/-/normalize-wheel-es-1.2.0.tgz 0ms (cache hit)
1852 http cache lodash-es@https://registry.npmjs.org/lodash-es/-/lodash-es-4.18.1.tgz 0ms (cache hit)
1853 http cache lodash-unified@https://registry.npmjs.org/lodash-unified/-/lodash-unified-1.0.3.tgz 0ms (cache hit)
1854 http cache async-validator@https://registry.npmjs.org/async-validator/-/async-validator-4.2.5.tgz 0ms (cache hit)
1855 http cache lodash@https://registry.npmjs.org/lodash/-/lodash-4.18.1.tgz 0ms (cache hit)
1856 http cache @types/lodash-es@https://registry.npmjs.org/@types/lodash-es/-/lodash-es-4.17.12.tgz 0ms (cache hit)
1857 http cache @ctrl/tinycolor@https://registry.npmjs.org/@ctrl/tinycolor/-/tinycolor-4.2.0.tgz 0ms (cache hit)
1858 http cache @types/lodash@https://registry.npmjs.org/@types/lodash/-/lodash-4.17.24.tgz 0ms (cache hit)
1859 http cache @vueuse/core@https://registry.npmjs.org/@vueuse/core/-/core-14.3.0.tgz 0ms (cache hit)
1860 http cache @popperjs/core@https://registry.npmjs.org/@sxzz/popperjs-es/-/popperjs-es-2.11.8.tgz 0ms (cache hit)
1861 http cache @floating-ui/dom@https://registry.npmjs.org/@floating-ui/dom/-/dom-1.7.6.tgz 0ms (cache hit)
1862 http cache proxy-from-env@https://registry.npmjs.org/proxy-from-env/-/proxy-from-env-2.1.0.tgz 0ms (cache hit)
1863 http cache form-data@https://registry.npmjs.org/form-data/-/form-data-4.0.5.tgz 0ms (cache hit)
1864 http cache follow-redirects@https://registry.npmjs.org/follow-redirects/-/follow-redirects-1.16.0.tgz 0ms (cache hit)
1865 http cache vue-component-type-helpers@https://registry.npmjs.org/vue-component-type-helpers/-/vue-component-type-helpers-3.2.8.tgz 0ms (cache hit)
1866 http cache js-beautify@https://registry.npmjs.org/js-beautify/-/js-beautify-1.15.4.tgz 0ms (cache hit)
1867 http cache @babel/helper-validator-identifier@https://registry.npmjs.org/@babel/helper-validator-identifier/-/helper-validator-identifier-7.28.5.tgz 0ms (cache hit)
1868 http cache source-map-js@https://registry.npmjs.org/source-map-js/-/source-map-js-1.2.1.tgz 0ms (cache hit)
1869 http cache estree-walker@https://registry.npmjs.org/estree-walker/-/estree-walker-2.0.2.tgz 0ms (cache hit)
1870 http cache entities@https://registry.npmjs.org/entities/-/entities-7.0.1.tgz 0ms (cache hit)
1871 http cache @babel/helper-string-parser@https://registry.npmjs.org/@babel/helper-string-parser/-/helper-string-parser-7.27.1.tgz 0ms (cache hit)
1872 http cache @babel/types@https://registry.npmjs.org/@babel/types/-/types-7.29.0.tgz 0ms (cache hit)
1873 http cache undici-types@https://registry.npmjs.org/undici-types/-/undici-types-6.21.0.tgz 0ms (cache hit)
1874 http cache @vue/shared@https://registry.npmjs.org/@vue/shared/-/shared-3.5.34.tgz 0ms (cache hit)
1875 http cache @babel/parser@https://registry.npmjs.org/@babel/parser/-/parser-7.29.3.tgz 0ms (cache hit)
1876 http cache @vue/compiler-core@https://registry.npmjs.org/@vue/compiler-core/-/compiler-core-3.5.34.tgz 0ms (cache hit)
1877 http cache vue-tsc@https://registry.npmjs.org/vue-tsc/-/vue-tsc-2.2.12.tgz 0ms (cache hit)
1878 http cache typescript@https://registry.npmjs.org/typescript/-/typescript-5.7.3.tgz 0ms (cache hit)
1879 http cache vue-router@https://registry.npmjs.org/vue-router/-/vue-router-4.6.4.tgz 0ms (cache hit)
1880 http cache vitest@https://registry.npmjs.org/vitest/-/vitest-2.1.9.tgz 0ms (cache hit)
1881 http cache pinia@https://registry.npmjs.org/pinia/-/pinia-2.3.1.tgz 0ms (cache hit)
1882 http cache jsdom@https://registry.npmjs.org/jsdom/-/jsdom-25.0.1.tgz 0ms (cache hit)
1883 http cache @vue/compiler-dom@https://registry.npmjs.org/@vue/compiler-dom/-/compiler-dom-3.5.34.tgz 0ms (cache hit)
1884 http cache @vue/test-utils@https://registry.npmjs.org/@vue/test-utils/-/test-utils-2.4.10.tgz 0ms (cache hit)
1885 http cache element-plus@https://registry.npmjs.org/element-plus/-/element-plus-2.14.0.tgz 0ms (cache hit)
1886 http cache @vitejs/plugin-vue@https://registry.npmjs.org/@vitejs/plugin-vue/-/plugin-vue-5.2.4.tgz 0ms (cache hit)
1887 http cache dayjs@https://registry.npmjs.org/dayjs/-/dayjs-1.11.20.tgz 0ms (cache hit)
1888 http cache @types/node@https://registry.npmjs.org/@types/node/-/node-22.19.19.tgz 0ms (cache hit)
1889 http cache lucide-vue-next@https://registry.npmjs.org/lucide-vue-next/-/lucide-vue-next-0.469.0.tgz 0ms (cache hit)
1890 http cache axios@https://registry.npmjs.org/axios/-/axios-1.16.0.tgz 0ms (cache hit)
1891 http cache @element-plus/icons-vue@https://registry.npmjs.org/@element-plus/icons-vue/-/icons-vue-2.3.2.tgz 0ms (cache hit)
1892 http cache vue@https://registry.npmjs.org/vue/-/vue-3.5.34.tgz 0ms (cache hit)
1893 http cache vite@https://registry.npmjs.org/vite/-/vite-6.4.2.tgz 0ms (cache hit)
1894 http cache rrweb-cssom@https://registry.npmjs.org/rrweb-cssom/-/rrweb-cssom-0.8.0.tgz 0ms (cache hit)
1895 http cache @esbuild/win32-x64@https://registry.npmjs.org/@esbuild/win32-x64/-/win32-x64-0.21.5.tgz 0ms (cache hit)
1896 http cache entities@https://registry.npmjs.org/entities/-/entities-6.0.1.tgz 0ms (cache hit)
1897 http cache ansi-regex@https://registry.npmjs.org/ansi-regex/-/ansi-regex-5.0.1.tgz 0ms (cache hit)
1898 http cache vite@https://registry.npmjs.org/vite/-/vite-5.4.21.tgz 0ms (cache hit)
1899 http cache ansi-regex@https://registry.npmjs.org/ansi-regex/-/ansi-regex-5.0.1.tgz 0ms (cache hit)
1900 http cache string-width@https://registry.npmjs.org/string-width/-/string-width-4.2.3.tgz 0ms (cache hit)
1901 http cache strip-ansi@https://registry.npmjs.org/strip-ansi/-/strip-ansi-6.0.1.tgz 0ms (cache hit)
1902 http cache ansi-styles@https://registry.npmjs.org/ansi-styles/-/ansi-styles-4.3.0.tgz 0ms (cache hit)
1903 http cache strip-ansi@https://registry.npmjs.org/strip-ansi/-/strip-ansi-6.0.1.tgz 0ms (cache hit)
1904 http cache ansi-regex@https://registry.npmjs.org/ansi-regex/-/ansi-regex-5.0.1.tgz 0ms (cache hit)
1905 http cache emoji-regex@https://registry.npmjs.org/emoji-regex/-/emoji-regex-8.0.0.tgz 0ms (cache hit)
1906 http cache emoji-regex@https://registry.npmjs.org/emoji-regex/-/emoji-regex-8.0.0.tgz 0ms (cache hit)
1907 http cache @esbuild/win32-x64@https://registry.npmjs.org/@esbuild/win32-x64/-/win32-x64-0.21.5.tgz 0ms (cache hit)
1908 http cache esbuild@https://registry.npmjs.org/esbuild/-/esbuild-0.21.5.tgz 0ms (cache hit)
1909 http cache vite@https://registry.npmjs.org/vite/-/vite-5.4.21.tgz 0ms (cache hit)
1910 http cache estree-walker@https://registry.npmjs.org/estree-walker/-/estree-walker-3.0.3.tgz 0ms (cache hit)
1911 silly tarball no local data for ansi-styles@https://registry.npmjs.org/ansi-styles/-/ansi-styles-6.2.3.tgz. Extracting by manifest.
1912 http cache @vitest/mocker@https://registry.npmjs.org/@vitest/mocker/-/mocker-2.1.9.tgz 0ms (cache hit)
1913 silly tarball no local data for color-name@https://registry.npmjs.org/color-name/-/color-name-1.1.4.tgz. Extracting by manifest.
1914 silly tarball no local data for stackback@https://registry.npmjs.org/stackback/-/stackback-0.0.2.tgz. Extracting by manifest.
1915 silly tarball no local data for color-convert@https://registry.npmjs.org/color-convert/-/color-convert-2.0.1.tgz. Extracting by manifest.
1916 silly tarball no local data for siginfo@https://registry.npmjs.org/siginfo/-/siginfo-2.0.0.tgz. Extracting by manifest.
1917 silly tarball no local data for isexe@https://registry.npmjs.org/isexe/-/isexe-2.0.0.tgz. Extracting by manifest.
1918 silly tarball no local data for tr46@https://registry.npmjs.org/tr46/-/tr46-5.1.1.tgz. Extracting by manifest.
1919 silly tarball no local data for safer-buffer@https://registry.npmjs.org/safer-buffer/-/safer-buffer-2.1.2.tgz. Extracting by manifest.
1920 silly tarball no local data for he@https://registry.npmjs.org/he/-/he-1.2.0.tgz. Extracting by manifest.
1921 silly tarball no local data for @vue/compiler-vue2@https://registry.npmjs.org/@vue/compiler-vue2/-/compiler-vue2-2.7.16.tgz. Extracting by manifest.
1922 silly tarball no local data for iconv-lite@https://registry.npmjs.org/iconv-lite/-/iconv-lite-0.6.3.tgz. Extracting by manifest.
1923 silly tarball no local data for de-indent@https://registry.npmjs.org/de-indent/-/de-indent-1.0.2.tgz. Extracting by manifest.
1924 silly tarball no local data for punycode@https://registry.npmjs.org/punycode/-/punycode-2.3.1.tgz. Extracting by manifest.
1925 silly tarball no local data for alien-signals@https://registry.npmjs.org/alien-signals/-/alien-signals-1.0.13.tgz. Extracting by manifest.
1926 silly tarball no local data for @vue/language-core@https://registry.npmjs.org/@vue/language-core/-/language-core-2.2.12.tgz. Extracting by manifest.
1927 silly tarball no local data for @volar/source-map@https://registry.npmjs.org/@volar/source-map/-/source-map-2.4.15.tgz. Extracting by manifest.
1928 silly tarball no local data for path-browserify@https://registry.npmjs.org/path-browserify/-/path-browserify-1.0.1.tgz. Extracting by manifest.
1929 silly tarball no local data for vscode-uri@https://registry.npmjs.org/vscode-uri/-/vscode-uri-3.1.0.tgz. Extracting by manifest.
1930 silly tarball no local data for @volar/typescript@https://registry.npmjs.org/@volar/typescript/-/typescript-2.4.15.tgz. Extracting by manifest.
1931 silly tarball no local data for muggle-string@https://registry.npmjs.org/muggle-string/-/muggle-string-0.4.1.tgz. Extracting by manifest.
1932 silly tarball no local data for @vue/runtime-core@https://registry.npmjs.org/@vue/runtime-core/-/runtime-core-3.5.34.tgz. Extracting by manifest.
1933 silly tarball no local data for @volar/language-core@https://registry.npmjs.org/@volar/language-core/-/language-core-2.4.15.tgz. Extracting by manifest.
1934 silly tarball no local data for es-module-lexer@https://registry.npmjs.org/es-module-lexer/-/es-module-lexer-1.7.0.tgz. Extracting by manifest.
1935 silly tarball no local data for csstype@https://registry.npmjs.org/csstype/-/csstype-3.2.3.tgz. Extracting by manifest.
1936 silly tarball no local data for @vue/reactivity@https://registry.npmjs.org/@vue/reactivity/-/reactivity-3.5.34.tgz. Extracting by manifest.
1937 silly tarball no local data for cac@https://registry.npmjs.org/cac/-/cac-6.7.14.tgz. Extracting by manifest.
1938 silly tarball no local data for @vue/runtime-dom@https://registry.npmjs.org/@vue/runtime-dom/-/runtime-dom-3.5.34.tgz. Extracting by manifest.
1939 silly tarball no local data for @jridgewell/sourcemap-codec@https://registry.npmjs.org/@jridgewell/sourcemap-codec/-/sourcemap-codec-1.5.5.tgz. Extracting by manifest.
1940 http cache esbuild@https://registry.npmjs.org/esbuild/-/esbuild-0.21.5.tgz 0ms (cache hit)
1941 silly tarball no local data for pathval@https://registry.npmjs.org/pathval/-/pathval-2.0.1.tgz. Extracting by manifest.
1942 silly tarball no local data for @vue/server-renderer@https://registry.npmjs.org/@vue/server-renderer/-/server-renderer-3.5.34.tgz. Extracting by manifest.
1943 silly tarball no local data for @vue/compiler-sfc@https://registry.npmjs.org/@vue/compiler-sfc/-/compiler-sfc-3.5.34.tgz. Extracting by manifest.
1944 silly tarball no local data for @vue/compiler-ssr@https://registry.npmjs.org/@vue/compiler-ssr/-/compiler-ssr-3.5.34.tgz. Extracting by manifest.
1945 silly tarball no local data for assertion-error@https://registry.npmjs.org/assertion-error/-/assertion-error-2.0.1.tgz. Extracting by manifest.
1946 silly tarball no local data for loupe@https://registry.npmjs.org/loupe/-/loupe-3.2.1.tgz. Extracting by manifest.
1947 silly tarball no local data for check-error@https://registry.npmjs.org/check-error/-/check-error-2.1.3.tgz. Extracting by manifest.
1948 silly tarball no local data for deep-eql@https://registry.npmjs.org/deep-eql/-/deep-eql-5.0.2.tgz. Extracting by manifest.
1949 silly tarball no local data for why-is-node-running@https://registry.npmjs.org/why-is-node-running/-/why-is-node-running-2.3.0.tgz. Extracting by manifest.
1950 silly tarball no local data for tinyspy@https://registry.npmjs.org/tinyspy/-/tinyspy-3.0.2.tgz. Extracting by manifest.
1951 silly tarball no local data for vite-node@https://registry.npmjs.org/vite-node/-/vite-node-2.1.9.tgz. Extracting by manifest.
1952 silly tarball no local data for tinyrainbow@https://registry.npmjs.org/tinyrainbow/-/tinyrainbow-1.2.0.tgz. Extracting by manifest.
1953 silly tarball no local data for @vitest/spy@https://registry.npmjs.org/@vitest/spy/-/spy-2.1.9.tgz. Extracting by manifest.
1954 silly tarball no local data for tinybench@https://registry.npmjs.org/tinybench/-/tinybench-2.9.0.tgz. Extracting by manifest.
1955 silly tarball no local data for tinypool@https://registry.npmjs.org/tinypool/-/tinypool-1.1.1.tgz. Extracting by manifest.
1956 silly tarball no local data for std-env@https://registry.npmjs.org/std-env/-/std-env-3.10.0.tgz. Extracting by manifest.
1957 silly tarball no local data for tinyexec@https://registry.npmjs.org/tinyexec/-/tinyexec-0.3.2.tgz. Extracting by manifest.
1958 silly tarball no local data for pathe@https://registry.npmjs.org/pathe/-/pathe-1.1.2.tgz. Extracting by manifest.
1959 silly tarball no local data for @vitest/utils@https://registry.npmjs.org/@vitest/utils/-/utils-2.1.9.tgz. Extracting by manifest.
1960 silly tarball no local data for expect-type@https://registry.npmjs.org/expect-type/-/expect-type-1.3.0.tgz. Extracting by manifest.
1961 silly tarball no local data for chai@https://registry.npmjs.org/chai/-/chai-5.3.3.tgz. Extracting by manifest.
1962 silly tarball no local data for @types/estree@https://registry.npmjs.org/@types/estree/-/estree-1.0.8.tgz. Extracting by manifest.
1963 silly tarball no local data for magic-string@https://registry.npmjs.org/magic-string/-/magic-string-0.30.21.tgz. Extracting by manifest.
1964 silly tarball no local data for @vitest/snapshot@https://registry.npmjs.org/@vitest/snapshot/-/snapshot-2.1.9.tgz. Extracting by manifest.
1965 silly tarball no local data for @rollup/rollup-win32-x64-gnu@https://registry.npmjs.org/@rollup/rollup-win32-x64-gnu/-/rollup-win32-x64-gnu-4.60.3.tgz. Extracting by manifest.
1966 silly tarball no local data for @vitest/runner@https://registry.npmjs.org/@vitest/runner/-/runner-2.1.9.tgz. Extracting by manifest.
1967 silly tarball no local data for @vitest/expect@https://registry.npmjs.org/@vitest/expect/-/expect-2.1.9.tgz. Extracting by manifest.
1968 silly tarball no local data for @rollup/rollup-win32-x64-msvc@https://registry.npmjs.org/@rollup/rollup-win32-x64-msvc/-/rollup-win32-x64-msvc-4.60.3.tgz. Extracting by manifest.
1969 silly tarball no local data for @esbuild/win32-x64@https://registry.npmjs.org/@esbuild/win32-x64/-/win32-x64-0.25.12.tgz. Extracting by manifest.
1970 silly tarball no local data for picocolors@https://registry.npmjs.org/picocolors/-/picocolors-1.1.1.tgz. Extracting by manifest.
1971 silly tarball no local data for tinyglobby@https://registry.npmjs.org/tinyglobby/-/tinyglobby-0.2.16.tgz. Extracting by manifest.
1972 silly tarball no local data for nanoid@https://registry.npmjs.org/nanoid/-/nanoid-3.3.12.tgz. Extracting by manifest.
1973 silly tarball no local data for rollup@https://registry.npmjs.org/rollup/-/rollup-4.60.3.tgz. Extracting by manifest.
1974 silly tarball no local data for fdir@https://registry.npmjs.org/fdir/-/fdir-6.5.0.tgz. Extracting by manifest.
1975 silly tarball no local data for picomatch@https://registry.npmjs.org/picomatch/-/picomatch-4.0.4.tgz. Extracting by manifest.
1976 silly tarball no local data for postcss@https://registry.npmjs.org/postcss/-/postcss-8.5.14.tgz. Extracting by manifest.
1977 silly tarball no local data for esbuild@https://registry.npmjs.org/esbuild/-/esbuild-0.25.12.tgz. Extracting by manifest.
1978 silly tarball no local data for tldts-core@https://registry.npmjs.org/tldts-core/-/tldts-core-6.1.86.tgz. Extracting by manifest.
1979 silly tarball no local data for tldts@https://registry.npmjs.org/tldts/-/tldts-6.1.86.tgz. Extracting by manifest.
1980 silly tarball no local data for ansi-regex@https://registry.npmjs.org/ansi-regex/-/ansi-regex-6.2.2.tgz. Extracting by manifest.
1981 silly tarball no local data for is-fullwidth-code-point@https://registry.npmjs.org/is-fullwidth-code-point/-/is-fullwidth-code-point-3.0.0.tgz. Extracting by manifest.
1982 silly tarball no local data for @vue/devtools-api@https://registry.npmjs.org/@vue/devtools-api/-/devtools-api-6.6.4.tgz. Extracting by manifest.
1983 silly tarball no local data for emoji-regex@https://registry.npmjs.org/emoji-regex/-/emoji-regex-9.2.2.tgz. Extracting by manifest.
1984 silly tarball no local data for eastasianwidth@https://registry.npmjs.org/eastasianwidth/-/eastasianwidth-0.2.0.tgz. Extracting by manifest.
1985 silly tarball no local data for shebang-regex@https://registry.npmjs.org/shebang-regex/-/shebang-regex-3.0.0.tgz. Extracting by manifest.
1986 silly tarball no local data for xmlchars@https://registry.npmjs.org/xmlchars/-/xmlchars-2.2.0.tgz. Extracting by manifest.
1987 silly tarball no local data for abbrev@https://registry.npmjs.org/abbrev/-/abbrev-2.0.0.tgz. Extracting by manifest.
1988 silly tarball no local data for vue-demi@https://registry.npmjs.org/vue-demi/-/vue-demi-0.14.10.tgz. Extracting by manifest.
1989 silly tarball no local data for balanced-match@https://registry.npmjs.org/balanced-match/-/balanced-match-1.0.2.tgz. Extracting by manifest.
1990 silly tarball no local data for brace-expansion@https://registry.npmjs.org/brace-expansion/-/brace-expansion-2.1.0.tgz. Extracting by manifest.
1991 silly tarball no local data for ms@https://registry.npmjs.org/ms/-/ms-2.1.3.tgz. Extracting by manifest.
1992 silly tarball no local data for debug@https://registry.npmjs.org/debug/-/debug-4.4.3.tgz. Extracting by manifest.
1993 silly tarball no local data for agent-base@https://registry.npmjs.org/agent-base/-/agent-base-7.1.4.tgz. Extracting by manifest.
1994 silly tarball no local data for mime-db@https://registry.npmjs.org/mime-db/-/mime-db-1.52.0.tgz. Extracting by manifest.
1995 silly tarball no local data for lru-cache@https://registry.npmjs.org/lru-cache/-/lru-cache-10.4.3.tgz. Extracting by manifest.
1996 silly tarball no local data for @csstools/css-tokenizer@https://registry.npmjs.org/@csstools/css-tokenizer/-/css-tokenizer-3.0.4.tgz. Extracting by manifest.
1997 silly tarball no local data for @asamuzakjp/css-color@https://registry.npmjs.org/@asamuzakjp/css-color/-/css-color-3.2.0.tgz. Extracting by manifest.
1998 silly tarball no local data for @csstools/css-parser-algorithms@https://registry.npmjs.org/@csstools/css-parser-algorithms/-/css-parser-algorithms-3.0.5.tgz. Extracting by manifest.
1999 silly tarball no local data for @csstools/color-helpers@https://registry.npmjs.org/@csstools/color-helpers/-/color-helpers-5.1.0.tgz. Extracting by manifest.
2000 silly tarball no local data for @csstools/css-calc@https://registry.npmjs.org/@csstools/css-calc/-/css-calc-2.1.4.tgz. Extracting by manifest.
2001 silly tarball no local data for @csstools/css-color-parser@https://registry.npmjs.org/@csstools/css-color-parser/-/css-color-parser-3.1.0.tgz. Extracting by manifest.
2002 silly tarball no local data for xml-name-validator@https://registry.npmjs.org/xml-name-validator/-/xml-name-validator-5.0.0.tgz. Extracting by manifest.
2003 silly tarball no local data for ws@https://registry.npmjs.org/ws/-/ws-8.20.1.tgz. Extracting by manifest.
2004 silly tarball no local data for whatwg-mimetype@https://registry.npmjs.org/whatwg-mimetype/-/whatwg-mimetype-4.0.0.tgz. Extracting by manifest.
2005 silly tarball no local data for whatwg-url@https://registry.npmjs.org/whatwg-url/-/whatwg-url-14.2.0.tgz. Extracting by manifest.
2006 silly tarball no local data for whatwg-encoding@https://registry.npmjs.org/whatwg-encoding/-/whatwg-encoding-3.1.1.tgz. Extracting by manifest.
2007 silly tarball no local data for w3c-xmlserializer@https://registry.npmjs.org/w3c-xmlserializer/-/w3c-xmlserializer-5.0.0.tgz. Extracting by manifest.
2008 silly tarball no local data for tough-cookie@https://registry.npmjs.org/tough-cookie/-/tough-cookie-5.1.2.tgz. Extracting by manifest.
2009 silly tarball no local data for webidl-conversions@https://registry.npmjs.org/webidl-conversions/-/webidl-conversions-7.0.0.tgz. Extracting by manifest.
2010 silly tarball no local data for symbol-tree@https://registry.npmjs.org/symbol-tree/-/symbol-tree-3.2.4.tgz. Extracting by manifest.
2011 silly tarball no local data for @vitest/pretty-format@https://registry.npmjs.org/@vitest/pretty-format/-/pretty-format-2.1.9.tgz. Extracting by manifest.
2012 silly tarball no local data for saxes@https://registry.npmjs.org/saxes/-/saxes-6.0.0.tgz. Extracting by manifest.
2013 silly tarball no local data for rrweb-cssom@https://registry.npmjs.org/rrweb-cssom/-/rrweb-cssom-0.7.1.tgz. Extracting by manifest.
2014 silly tarball no local data for parse5@https://registry.npmjs.org/parse5/-/parse5-7.3.0.tgz. Extracting by manifest.
2015 silly tarball no local data for nwsapi@https://registry.npmjs.org/nwsapi/-/nwsapi-2.2.23.tgz. Extracting by manifest.
2016 silly tarball no local data for is-potential-custom-element-name@https://registry.npmjs.org/is-potential-custom-element-name/-/is-potential-custom-element-name-1.0.1.tgz. Extracting by manifest.
2017 silly tarball no local data for http-proxy-agent@https://registry.npmjs.org/http-proxy-agent/-/http-proxy-agent-7.0.2.tgz. Extracting by manifest.
2018 silly tarball no local data for https-proxy-agent@https://registry.npmjs.org/https-proxy-agent/-/https-proxy-agent-7.0.6.tgz. Extracting by manifest.
2019 silly tarball no local data for html-encoding-sniffer@https://registry.npmjs.org/html-encoding-sniffer/-/html-encoding-sniffer-4.0.0.tgz. Extracting by manifest.
2020 silly tarball no local data for decimal.js@https://registry.npmjs.org/decimal.js/-/decimal.js-10.6.0.tgz. Extracting by manifest.
2021 silly tarball no local data for data-urls@https://registry.npmjs.org/data-urls/-/data-urls-5.0.0.tgz. Extracting by manifest.
2022 silly tarball no local data for wrap-ansi-cjs@https://registry.npmjs.org/wrap-ansi/-/wrap-ansi-7.0.0.tgz. Extracting by manifest.
2023 silly tarball no local data for cssstyle@https://registry.npmjs.org/cssstyle/-/cssstyle-4.6.0.tgz. Extracting by manifest.
2024 silly tarball no local data for wrap-ansi@https://registry.npmjs.org/wrap-ansi/-/wrap-ansi-8.1.0.tgz. Extracting by manifest.
2025 silly tarball no local data for strip-ansi-cjs@https://registry.npmjs.org/strip-ansi/-/strip-ansi-6.0.1.tgz. Extracting by manifest.
2026 silly tarball no local data for strip-ansi@https://registry.npmjs.org/strip-ansi/-/strip-ansi-7.2.0.tgz. Extracting by manifest.
2027 silly tarball no local data for @pkgjs/parseargs@https://registry.npmjs.org/@pkgjs/parseargs/-/parseargs-0.11.0.tgz. Extracting by manifest.
2028 silly tarball no local data for string-width@https://registry.npmjs.org/string-width/-/string-width-5.1.2.tgz. Extracting by manifest.
2029 silly tarball no local data for string-width-cjs@https://registry.npmjs.org/string-width/-/string-width-4.2.3.tgz. Extracting by manifest.
2030 silly tarball no local data for which@https://registry.npmjs.org/which/-/which-2.0.2.tgz. Extracting by manifest.
2031 silly tarball no local data for shebang-command@https://registry.npmjs.org/shebang-command/-/shebang-command-2.0.0.tgz. Extracting by manifest.
2032 silly tarball no local data for path-key@https://registry.npmjs.org/path-key/-/path-key-3.1.1.tgz. Extracting by manifest.
2033 silly tarball no local data for path-scurry@https://registry.npmjs.org/path-scurry/-/path-scurry-1.11.1.tgz. Extracting by manifest.
2034 silly tarball no local data for signal-exit@https://registry.npmjs.org/signal-exit/-/signal-exit-4.1.0.tgz. Extracting by manifest.
2035 silly tarball no local data for cross-spawn@https://registry.npmjs.org/cross-spawn/-/cross-spawn-7.0.6.tgz. Extracting by manifest.
2036 silly tarball no local data for @one-ini/wasm@https://registry.npmjs.org/@one-ini/wasm/-/wasm-0.1.1.tgz. Extracting by manifest.
2037 silly tarball no local data for minipass@https://registry.npmjs.org/minipass/-/minipass-7.1.3.tgz. Extracting by manifest.
2038 silly tarball no local data for package-json-from-dist@https://registry.npmjs.org/package-json-from-dist/-/package-json-from-dist-1.0.1.tgz. Extracting by manifest.
2039 silly tarball no local data for minimatch@https://registry.npmjs.org/minimatch/-/minimatch-9.0.9.tgz. Extracting by manifest.
2040 silly tarball no local data for foreground-child@https://registry.npmjs.org/foreground-child/-/foreground-child-3.3.1.tgz. Extracting by manifest.
2041 silly tarball no local data for @isaacs/cliui@https://registry.npmjs.org/@isaacs/cliui/-/cliui-8.0.2.tgz. Extracting by manifest.
2042 silly tarball no local data for semver@https://registry.npmjs.org/semver/-/semver-7.8.0.tgz. Extracting by manifest.
2043 silly tarball no local data for commander@https://registry.npmjs.org/commander/-/commander-10.0.1.tgz. Extracting by manifest.
2044 silly tarball no local data for proto-list@https://registry.npmjs.org/proto-list/-/proto-list-1.2.4.tgz. Extracting by manifest.
2045 silly tarball no local data for jackspeak@https://registry.npmjs.org/jackspeak/-/jackspeak-3.4.3.tgz. Extracting by manifest.
2046 silly tarball no local data for ini@https://registry.npmjs.org/ini/-/ini-1.3.8.tgz. Extracting by manifest.
2047 silly tarball no local data for nopt@https://registry.npmjs.org/nopt/-/nopt-7.2.1.tgz. Extracting by manifest.
2048 silly tarball no local data for js-cookie@https://registry.npmjs.org/js-cookie/-/js-cookie-3.0.5.tgz. Extracting by manifest.
2049 silly tarball no local data for glob@https://registry.npmjs.org/glob/-/glob-10.5.0.tgz. Extracting by manifest.
2050 silly tarball no local data for config-chain@https://registry.npmjs.org/config-chain/-/config-chain-1.1.13.tgz. Extracting by manifest.
2051 silly tarball no local data for dunder-proto@https://registry.npmjs.org/dunder-proto/-/dunder-proto-1.0.1.tgz. Extracting by manifest.
2052 silly tarball no local data for editorconfig@https://registry.npmjs.org/editorconfig/-/editorconfig-1.0.7.tgz. Extracting by manifest.
2053 silly tarball no local data for math-intrinsics@https://registry.npmjs.org/math-intrinsics/-/math-intrinsics-1.1.0.tgz. Extracting by manifest.
2054 silly tarball no local data for has-symbols@https://registry.npmjs.org/has-symbols/-/has-symbols-1.1.0.tgz. Extracting by manifest.
2055 silly tarball no local data for gopd@https://registry.npmjs.org/gopd/-/gopd-1.2.0.tgz. Extracting by manifest.
2056 silly tarball no local data for function-bind@https://registry.npmjs.org/function-bind/-/function-bind-1.1.2.tgz. Extracting by manifest.
2057 silly tarball no local data for es-object-atoms@https://registry.npmjs.org/es-object-atoms/-/es-object-atoms-1.1.1.tgz. Extracting by manifest.
2058 silly tarball no local data for get-proto@https://registry.npmjs.org/get-proto/-/get-proto-1.0.1.tgz. Extracting by manifest.
2059 silly tarball no local data for es-define-property@https://registry.npmjs.org/es-define-property/-/es-define-property-1.0.1.tgz. Extracting by manifest.
2060 silly tarball no local data for has-tostringtag@https://registry.npmjs.org/has-tostringtag/-/has-tostringtag-1.0.2.tgz. Extracting by manifest.
2061 silly tarball no local data for get-intrinsic@https://registry.npmjs.org/get-intrinsic/-/get-intrinsic-1.3.0.tgz. Extracting by manifest.
2062 silly tarball no local data for call-bind-apply-helpers@https://registry.npmjs.org/call-bind-apply-helpers/-/call-bind-apply-helpers-1.0.2.tgz. Extracting by manifest.
2063 silly tarball no local data for es-errors@https://registry.npmjs.org/es-errors/-/es-errors-1.3.0.tgz. Extracting by manifest.
2064 silly tarball no local data for @types/web-bluetooth@https://registry.npmjs.org/@types/web-bluetooth/-/web-bluetooth-0.0.21.tgz. Extracting by manifest.
2065 silly tarball no local data for hasown@https://registry.npmjs.org/hasown/-/hasown-2.0.3.tgz. Extracting by manifest.
2066 silly tarball no local data for delayed-stream@https://registry.npmjs.org/delayed-stream/-/delayed-stream-1.0.0.tgz. Extracting by manifest.
2067 silly tarball no local data for es-set-tostringtag@https://registry.npmjs.org/es-set-tostringtag/-/es-set-tostringtag-2.1.0.tgz. Extracting by manifest.
2068 silly tarball no local data for mime-types@https://registry.npmjs.org/mime-types/-/mime-types-2.1.35.tgz. Extracting by manifest.
2069 silly tarball no local data for asynckit@https://registry.npmjs.org/asynckit/-/asynckit-0.4.0.tgz. Extracting by manifest.
2070 silly tarball no local data for combined-stream@https://registry.npmjs.org/combined-stream/-/combined-stream-1.0.8.tgz. Extracting by manifest.
2071 silly tarball no local data for @floating-ui/utils@https://registry.npmjs.org/@floating-ui/utils/-/utils-0.2.11.tgz. Extracting by manifest.
2072 silly tarball no local data for @vueuse/shared@https://registry.npmjs.org/@vueuse/shared/-/shared-14.3.0.tgz. Extracting by manifest.
2073 silly tarball no local data for @floating-ui/core@https://registry.npmjs.org/@floating-ui/core/-/core-1.7.5.tgz. Extracting by manifest.
2074 silly tarball no local data for @vueuse/metadata@https://registry.npmjs.org/@vueuse/metadata/-/metadata-14.3.0.tgz. Extracting by manifest.
2075 silly tarball no local data for memoize-one@https://registry.npmjs.org/memoize-one/-/memoize-one-6.0.0.tgz. Extracting by manifest.
2076 silly tarball no local data for normalize-wheel-es@https://registry.npmjs.org/normalize-wheel-es/-/normalize-wheel-es-1.2.0.tgz. Extracting by manifest.
2077 silly tarball no local data for lodash-es@https://registry.npmjs.org/lodash-es/-/lodash-es-4.18.1.tgz. Extracting by manifest.
2078 silly tarball no local data for lodash-unified@https://registry.npmjs.org/lodash-unified/-/lodash-unified-1.0.3.tgz. Extracting by manifest.
2079 silly tarball no local data for async-validator@https://registry.npmjs.org/async-validator/-/async-validator-4.2.5.tgz. Extracting by manifest.
2080 silly tarball no local data for lodash@https://registry.npmjs.org/lodash/-/lodash-4.18.1.tgz. Extracting by manifest.
2081 silly tarball no local data for @types/lodash-es@https://registry.npmjs.org/@types/lodash-es/-/lodash-es-4.17.12.tgz. Extracting by manifest.
2082 silly tarball no local data for @ctrl/tinycolor@https://registry.npmjs.org/@ctrl/tinycolor/-/tinycolor-4.2.0.tgz. Extracting by manifest.
2083 silly tarball no local data for @types/lodash@https://registry.npmjs.org/@types/lodash/-/lodash-4.17.24.tgz. Extracting by manifest.
2084 silly tarball no local data for @vueuse/core@https://registry.npmjs.org/@vueuse/core/-/core-14.3.0.tgz. Extracting by manifest.
2085 silly tarball no local data for @popperjs/core@https://registry.npmjs.org/@sxzz/popperjs-es/-/popperjs-es-2.11.8.tgz. Extracting by manifest.
2086 silly tarball no local data for @floating-ui/dom@https://registry.npmjs.org/@floating-ui/dom/-/dom-1.7.6.tgz. Extracting by manifest.
2087 silly tarball no local data for proxy-from-env@https://registry.npmjs.org/proxy-from-env/-/proxy-from-env-2.1.0.tgz. Extracting by manifest.
2088 silly tarball no local data for form-data@https://registry.npmjs.org/form-data/-/form-data-4.0.5.tgz. Extracting by manifest.
2089 silly tarball no local data for follow-redirects@https://registry.npmjs.org/follow-redirects/-/follow-redirects-1.16.0.tgz. Extracting by manifest.
2090 silly tarball no local data for js-beautify@https://registry.npmjs.org/js-beautify/-/js-beautify-1.15.4.tgz. Extracting by manifest.
2091 silly tarball no local data for vue-component-type-helpers@https://registry.npmjs.org/vue-component-type-helpers/-/vue-component-type-helpers-3.2.8.tgz. Extracting by manifest.
2092 silly tarball no local data for @babel/helper-validator-identifier@https://registry.npmjs.org/@babel/helper-validator-identifier/-/helper-validator-identifier-7.28.5.tgz. Extracting by manifest.
2093 silly tarball no local data for source-map-js@https://registry.npmjs.org/source-map-js/-/source-map-js-1.2.1.tgz. Extracting by manifest.
2094 silly tarball no local data for estree-walker@https://registry.npmjs.org/estree-walker/-/estree-walker-2.0.2.tgz. Extracting by manifest.
2095 silly tarball no local data for entities@https://registry.npmjs.org/entities/-/entities-7.0.1.tgz. Extracting by manifest.
2096 silly tarball no local data for @babel/helper-string-parser@https://registry.npmjs.org/@babel/helper-string-parser/-/helper-string-parser-7.27.1.tgz. Extracting by manifest.
2097 silly tarball no local data for @babel/types@https://registry.npmjs.org/@babel/types/-/types-7.29.0.tgz. Extracting by manifest.
2098 silly tarball no local data for undici-types@https://registry.npmjs.org/undici-types/-/undici-types-6.21.0.tgz. Extracting by manifest.
2099 silly tarball no local data for @vue/shared@https://registry.npmjs.org/@vue/shared/-/shared-3.5.34.tgz. Extracting by manifest.
2100 silly tarball no local data for @babel/parser@https://registry.npmjs.org/@babel/parser/-/parser-7.29.3.tgz. Extracting by manifest.
2101 silly tarball no local data for @vue/compiler-core@https://registry.npmjs.org/@vue/compiler-core/-/compiler-core-3.5.34.tgz. Extracting by manifest.
2102 silly tarball no local data for vue-tsc@https://registry.npmjs.org/vue-tsc/-/vue-tsc-2.2.12.tgz. Extracting by manifest.
2103 silly tarball no local data for typescript@https://registry.npmjs.org/typescript/-/typescript-5.7.3.tgz. Extracting by manifest.
2104 silly tarball no local data for vue-router@https://registry.npmjs.org/vue-router/-/vue-router-4.6.4.tgz. Extracting by manifest.
2105 silly tarball no local data for vitest@https://registry.npmjs.org/vitest/-/vitest-2.1.9.tgz. Extracting by manifest.
2106 silly tarball no local data for pinia@https://registry.npmjs.org/pinia/-/pinia-2.3.1.tgz. Extracting by manifest.
2107 silly tarball no local data for jsdom@https://registry.npmjs.org/jsdom/-/jsdom-25.0.1.tgz. Extracting by manifest.
2108 silly tarball no local data for @vue/compiler-dom@https://registry.npmjs.org/@vue/compiler-dom/-/compiler-dom-3.5.34.tgz. Extracting by manifest.
2109 silly tarball no local data for @vue/test-utils@https://registry.npmjs.org/@vue/test-utils/-/test-utils-2.4.10.tgz. Extracting by manifest.
2110 silly tarball no local data for element-plus@https://registry.npmjs.org/element-plus/-/element-plus-2.14.0.tgz. Extracting by manifest.
2111 silly tarball no local data for @vitejs/plugin-vue@https://registry.npmjs.org/@vitejs/plugin-vue/-/plugin-vue-5.2.4.tgz. Extracting by manifest.
2112 silly tarball no local data for dayjs@https://registry.npmjs.org/dayjs/-/dayjs-1.11.20.tgz. Extracting by manifest.
2113 silly tarball no local data for @types/node@https://registry.npmjs.org/@types/node/-/node-22.19.19.tgz. Extracting by manifest.
2114 silly tarball no local data for lucide-vue-next@https://registry.npmjs.org/lucide-vue-next/-/lucide-vue-next-0.469.0.tgz. Extracting by manifest.
2115 silly tarball no local data for axios@https://registry.npmjs.org/axios/-/axios-1.16.0.tgz. Extracting by manifest.
2116 silly tarball no local data for @element-plus/icons-vue@https://registry.npmjs.org/@element-plus/icons-vue/-/icons-vue-2.3.2.tgz. Extracting by manifest.
2117 silly tarball no local data for vue@https://registry.npmjs.org/vue/-/vue-3.5.34.tgz. Extracting by manifest.
2118 silly tarball no local data for vite@https://registry.npmjs.org/vite/-/vite-6.4.2.tgz. Extracting by manifest.
2119 silly tarball no local data for rrweb-cssom@https://registry.npmjs.org/rrweb-cssom/-/rrweb-cssom-0.8.0.tgz. Extracting by manifest.
2120 silly tarball no local data for @esbuild/win32-x64@https://registry.npmjs.org/@esbuild/win32-x64/-/win32-x64-0.21.5.tgz. Extracting by manifest.
2121 silly tarball no local data for entities@https://registry.npmjs.org/entities/-/entities-6.0.1.tgz. Extracting by manifest.
2122 silly tarball no local data for ansi-regex@https://registry.npmjs.org/ansi-regex/-/ansi-regex-5.0.1.tgz. Extracting by manifest.
2123 silly tarball no local data for vite@https://registry.npmjs.org/vite/-/vite-5.4.21.tgz. Extracting by manifest.
2124 silly tarball no local data for ansi-regex@https://registry.npmjs.org/ansi-regex/-/ansi-regex-5.0.1.tgz. Extracting by manifest.
2125 silly tarball no local data for string-width@https://registry.npmjs.org/string-width/-/string-width-4.2.3.tgz. Extracting by manifest.
2126 silly tarball no local data for ansi-styles@https://registry.npmjs.org/ansi-styles/-/ansi-styles-4.3.0.tgz. Extracting by manifest.
2127 silly tarball no local data for strip-ansi@https://registry.npmjs.org/strip-ansi/-/strip-ansi-6.0.1.tgz. Extracting by manifest.
2128 silly tarball no local data for strip-ansi@https://registry.npmjs.org/strip-ansi/-/strip-ansi-6.0.1.tgz. Extracting by manifest.
2129 silly tarball no local data for ansi-regex@https://registry.npmjs.org/ansi-regex/-/ansi-regex-5.0.1.tgz. Extracting by manifest.
2130 silly tarball no local data for emoji-regex@https://registry.npmjs.org/emoji-regex/-/emoji-regex-8.0.0.tgz. Extracting by manifest.
2131 silly tarball no local data for emoji-regex@https://registry.npmjs.org/emoji-regex/-/emoji-regex-8.0.0.tgz. Extracting by manifest.
2132 silly tarball no local data for @esbuild/win32-x64@https://registry.npmjs.org/@esbuild/win32-x64/-/win32-x64-0.21.5.tgz. Extracting by manifest.
2133 silly tarball no local data for esbuild@https://registry.npmjs.org/esbuild/-/esbuild-0.21.5.tgz. Extracting by manifest.
2134 silly tarball no local data for vite@https://registry.npmjs.org/vite/-/vite-5.4.21.tgz. Extracting by manifest.
2135 silly tarball no local data for estree-walker@https://registry.npmjs.org/estree-walker/-/estree-walker-3.0.3.tgz. Extracting by manifest.
2136 silly tarball no local data for @vitest/mocker@https://registry.npmjs.org/@vitest/mocker/-/mocker-2.1.9.tgz. Extracting by manifest.
2137 silly tarball no local data for esbuild@https://registry.npmjs.org/esbuild/-/esbuild-0.21.5.tgz. Extracting by manifest.
2138 http fetch POST 200 https://registry.npmjs.org/-/npm/v1/security/advisories/bulk 342ms
2139 silly audit report {
2139 silly audit report   vite: [
2139 silly audit report     {
2139 silly audit report       id: 1116229,
2139 silly audit report       url: 'https://github.com/advisories/GHSA-4w7w-66w2-5vf9',
2139 silly audit report       title: 'Vite Vulnerable to Path Traversal in Optimized Deps `.map` Handling',
2139 silly audit report       severity: 'moderate',
2139 silly audit report       vulnerable_versions: '<=6.4.1',
2139 silly audit report       cwe: [Array],
2139 silly audit report       cvss: [Object]
2139 silly audit report     }
2139 silly audit report   ],
2139 silly audit report   esbuild: [
2139 silly audit report     {
2139 silly audit report       id: 1102341,
2139 silly audit report       url: 'https://github.com/advisories/GHSA-67mh-4wv8-2f99',
2139 silly audit report       title: 'esbuild enables any website to send any requests to the development server and read the response',
2139 silly audit report       severity: 'moderate',
2139 silly audit report       vulnerable_versions: '<=0.24.2',
2139 silly audit report       cwe: [Array],
2139 silly audit report       cvss: [Object]
2139 silly audit report     }
2139 silly audit report   ]
2139 silly audit report }
2140 silly packumentCache corgi:https://registry.npmjs.org/vite cache-miss
2141 silly packumentCache corgi:https://registry.npmjs.org/esbuild cache-miss
2142 http fetch GET 200 https://registry.npmjs.org/stackback/-/stackback-0.0.2.tgz 405ms (cache miss)
2143 http fetch GET 200 https://registry.npmjs.org/de-indent/-/de-indent-1.0.2.tgz 450ms (cache miss)
2144 http fetch GET 200 https://registry.npmjs.org/isexe/-/isexe-2.0.0.tgz 458ms (cache miss)
2145 http fetch GET 200 https://registry.npmjs.org/color-name/-/color-name-1.1.4.tgz 465ms (cache miss)
2146 http fetch GET 200 https://registry.npmjs.org/color-convert/-/color-convert-2.0.1.tgz 662ms (cache miss)
2147 http fetch GET 200 https://registry.npmjs.org/@volar/source-map/-/source-map-2.4.15.tgz 677ms (cache miss)
2148 http fetch GET 200 https://registry.npmjs.org/siginfo/-/siginfo-2.0.0.tgz 790ms (cache miss)
2149 http fetch GET 200 https://registry.npmjs.org/he/-/he-1.2.0.tgz 796ms (cache miss)
2150 http fetch GET 200 https://registry.npmjs.org/alien-signals/-/alien-signals-1.0.13.tgz 877ms (cache miss)
2151 http fetch GET 200 https://registry.npmjs.org/punycode/-/punycode-2.3.1.tgz 1037ms (cache miss)
2152 http fetch GET 200 https://registry.npmjs.org/safer-buffer/-/safer-buffer-2.1.2.tgz 1489ms (cache miss)
2153 http fetch GET 200 https://registry.npmjs.org/ansi-styles/-/ansi-styles-6.2.3.tgz 1493ms (cache miss)
2154 http fetch GET 200 https://registry.npmjs.org/muggle-string/-/muggle-string-0.4.1.tgz 1486ms (cache miss)
2155 http fetch GET 200 https://registry.npmjs.org/path-browserify/-/path-browserify-1.0.1.tgz 1694ms (cache miss)
2156 http fetch GET 200 https://registry.npmjs.org/@volar/language-core/-/language-core-2.4.15.tgz 1785ms (cache miss)
2157 http fetch GET 200 https://registry.npmjs.org/es-module-lexer/-/es-module-lexer-1.7.0.tgz 1792ms (cache miss)
2158 http fetch GET 200 https://registry.npmjs.org/@vue/language-core/-/language-core-2.2.12.tgz 1798ms (cache miss)
2159 http fetch GET 200 https://registry.npmjs.org/vscode-uri/-/vscode-uri-3.1.0.tgz 1822ms (cache miss)
2160 http fetch GET 200 https://registry.npmjs.org/pathval/-/pathval-2.0.1.tgz 1867ms (cache miss)
2161 http fetch GET 200 https://registry.npmjs.org/tr46/-/tr46-5.1.1.tgz 2078ms (cache miss)
2162 http fetch GET 200 https://registry.npmjs.org/cac/-/cac-6.7.14.tgz 2133ms (cache miss)
2163 http fetch GET 200 https://registry.npmjs.org/@volar/typescript/-/typescript-2.4.15.tgz 2351ms (cache miss)
2164 http fetch GET 200 https://registry.npmjs.org/iconv-lite/-/iconv-lite-0.6.3.tgz 2418ms (cache miss)
2165 http fetch GET 200 https://registry.npmjs.org/@vue/compiler-ssr/-/compiler-ssr-3.5.34.tgz 2443ms (cache miss)
2166 http fetch GET 200 https://registry.npmjs.org/@jridgewell/sourcemap-codec/-/sourcemap-codec-1.5.5.tgz 2484ms (cache miss)
2167 http fetch GET 200 https://registry.npmjs.org/check-error/-/check-error-2.1.3.tgz 2645ms (cache miss)
2168 http fetch GET 200 https://registry.npmjs.org/tinyspy/-/tinyspy-3.0.2.tgz 2706ms (cache miss)
2169 http fetch GET 200 https://registry.npmjs.org/tinyrainbow/-/tinyrainbow-1.2.0.tgz 2756ms (cache miss)
2170 http fetch GET 200 https://registry.npmjs.org/loupe/-/loupe-3.2.1.tgz 2837ms (cache miss)
2171 http fetch GET 200 https://registry.npmjs.org/@vue/compiler-vue2/-/compiler-vue2-2.7.16.tgz 2899ms (cache miss)
2172 http fetch GET 200 https://registry.npmjs.org/why-is-node-running/-/why-is-node-running-2.3.0.tgz 2897ms (cache miss)
2173 http fetch GET 200 https://registry.npmjs.org/@vue/runtime-core/-/runtime-core-3.5.34.tgz 2910ms (cache miss)
2174 http fetch GET 200 https://registry.npmjs.org/assertion-error/-/assertion-error-2.0.1.tgz 3158ms (cache miss)
2175 http fetch GET 200 https://registry.npmjs.org/tinypool/-/tinypool-1.1.1.tgz 3176ms (cache miss)
2176 http fetch GET 200 https://registry.npmjs.org/std-env/-/std-env-3.10.0.tgz 3192ms (cache miss)
2177 http fetch GET 200 https://registry.npmjs.org/@vue/reactivity/-/reactivity-3.5.34.tgz 3335ms (cache miss)
2178 http fetch GET 200 https://registry.npmjs.org/pathe/-/pathe-1.1.2.tgz 3429ms (cache miss)
2179 http fetch GET 200 https://registry.npmjs.org/tinyexec/-/tinyexec-0.3.2.tgz 3517ms (cache miss)
2180 http fetch GET 200 https://registry.npmjs.org/@vue/server-renderer/-/server-renderer-3.5.34.tgz 3596ms (cache miss)
2181 http fetch GET 200 https://registry.npmjs.org/@vitest/spy/-/spy-2.1.9.tgz 3757ms (cache miss)
2182 http fetch GET 200 https://registry.npmjs.org/@vitest/utils/-/utils-2.1.9.tgz 3783ms (cache miss)
2183 http fetch GET 200 https://registry.npmjs.org/@types/estree/-/estree-1.0.8.tgz 3842ms (cache miss)
2184 http fetch GET 200 https://registry.npmjs.org/tinybench/-/tinybench-2.9.0.tgz 3949ms (cache miss)
2185 http fetch GET 200 https://registry.npmjs.org/@vitest/runner/-/runner-2.1.9.tgz 4030ms (cache miss)
2186 http fetch GET 200 https://registry.npmjs.org/expect-type/-/expect-type-1.3.0.tgz 4049ms (cache miss)
2187 http fetch GET 200 https://registry.npmjs.org/vite-node/-/vite-node-2.1.9.tgz 4202ms (cache miss)
2188 http fetch GET 200 https://registry.npmjs.org/picocolors/-/picocolors-1.1.1.tgz 4225ms (cache miss)
2189 http fetch GET 200 https://registry.npmjs.org/chai/-/chai-5.3.3.tgz 4347ms (cache miss)
2190 http fetch GET 200 https://registry.npmjs.org/nanoid/-/nanoid-3.3.12.tgz 4411ms (cache miss)
2191 http fetch GET 200 https://registry.npmjs.org/deep-eql/-/deep-eql-5.0.2.tgz 4427ms (cache miss)
2192 http fetch GET 200 https://registry.npmjs.org/@vitest/expect/-/expect-2.1.9.tgz 4543ms (cache miss)
2193 http fetch GET 200 https://registry.npmjs.org/@vitest/snapshot/-/snapshot-2.1.9.tgz 4827ms (cache miss)
2194 http fetch GET 200 https://registry.npmjs.org/tinyglobby/-/tinyglobby-0.2.16.tgz 4972ms (cache miss)
2195 http fetch GET 200 https://registry.npmjs.org/picomatch/-/picomatch-4.0.4.tgz 5098ms (cache miss)
2196 http fetch GET 200 https://registry.npmjs.org/ansi-regex/-/ansi-regex-6.2.2.tgz 5271ms (cache miss)
2197 http fetch GET 200 https://registry.npmjs.org/esbuild/-/esbuild-0.25.12.tgz 5333ms (cache miss)
2198 http fetch GET 200 https://registry.npmjs.org/is-fullwidth-code-point/-/is-fullwidth-code-point-3.0.0.tgz 5391ms (cache miss)
2199 http fetch GET 200 https://registry.npmjs.org/tldts-core/-/tldts-core-6.1.86.tgz 5530ms (cache miss)
2200 http fetch GET 200 https://registry.npmjs.org/eastasianwidth/-/eastasianwidth-0.2.0.tgz 5748ms (cache miss)
2201 http fetch GET 200 https://registry.npmjs.org/emoji-regex/-/emoji-regex-9.2.2.tgz 5805ms (cache miss)
2202 http fetch GET 200 https://registry.npmjs.org/magic-string/-/magic-string-0.30.21.tgz 5828ms (cache miss)
2203 http fetch GET 200 https://registry.npmjs.org/@vue/devtools-api/-/devtools-api-6.6.4.tgz 5945ms (cache miss)
2204 http fetch GET 200 https://registry.npmjs.org/abbrev/-/abbrev-2.0.0.tgz 6082ms (cache miss)
2205 http fetch GET 200 https://registry.npmjs.org/xmlchars/-/xmlchars-2.2.0.tgz 6283ms (cache miss)
2206 http fetch GET 200 https://registry.npmjs.org/postcss/-/postcss-8.5.14.tgz 6340ms (cache miss)
2207 http fetch GET 200 https://registry.npmjs.org/brace-expansion/-/brace-expansion-2.1.0.tgz 6398ms (cache miss)
2208 http fetch GET 200 https://registry.npmjs.org/csstype/-/csstype-3.2.3.tgz 6605ms (cache miss)
2209 http fetch GET 200 https://registry.npmjs.org/balanced-match/-/balanced-match-1.0.2.tgz 6588ms (cache miss)
2210 http fetch GET 200 https://registry.npmjs.org/ms/-/ms-2.1.3.tgz 6590ms (cache miss)
2211 http fetch GET 200 https://registry.npmjs.org/shebang-regex/-/shebang-regex-3.0.0.tgz 6605ms (cache miss)
2212 http fetch GET 200 https://registry.npmjs.org/vue-demi/-/vue-demi-0.14.10.tgz 6620ms (cache miss)
2213 http fetch GET 200 https://registry.npmjs.org/debug/-/debug-4.4.3.tgz 6692ms (cache miss)
2214 http fetch GET 200 https://registry.npmjs.org/agent-base/-/agent-base-7.1.4.tgz 6878ms (cache miss)
2215 http fetch GET 200 https://registry.npmjs.org/@csstools/css-parser-algorithms/-/css-parser-algorithms-3.0.5.tgz 6977ms (cache miss)
2216 http fetch GET 200 https://registry.npmjs.org/@csstools/color-helpers/-/color-helpers-5.1.0.tgz 7520ms (cache miss)
2217 http fetch GET 200 https://registry.npmjs.org/mime-db/-/mime-db-1.52.0.tgz 7595ms (cache miss)
2218 http fetch GET 200 https://registry.npmjs.org/@csstools/css-calc/-/css-calc-2.1.4.tgz 7683ms (cache miss)
2219 http fetch GET 200 https://registry.npmjs.org/@csstools/css-color-parser/-/css-color-parser-3.1.0.tgz 8042ms (cache miss)
2220 http fetch GET 200 https://registry.npmjs.org/xml-name-validator/-/xml-name-validator-5.0.0.tgz 8109ms (cache miss)
2221 http fetch GET 200 https://registry.npmjs.org/@csstools/css-tokenizer/-/css-tokenizer-3.0.4.tgz 8163ms (cache miss)
2222 http fetch GET 200 https://registry.npmjs.org/whatwg-mimetype/-/whatwg-mimetype-4.0.0.tgz 8625ms (cache miss)
2223 http fetch GET 200 https://registry.npmjs.org/@vue/runtime-dom/-/runtime-dom-3.5.34.tgz 8713ms (cache miss)
2224 http fetch GET 200 https://registry.npmjs.org/whatwg-encoding/-/whatwg-encoding-3.1.1.tgz 8771ms (cache miss)
2225 warn deprecated whatwg-encoding@3.1.1: Use @exodus/bytes instead for a more spec-conformant and faster implementation
2226 http fetch GET 200 https://registry.npmjs.org/whatwg-url/-/whatwg-url-14.2.0.tgz 8783ms (cache miss)
2227 http fetch GET 200 https://registry.npmjs.org/symbol-tree/-/symbol-tree-3.2.4.tgz 9104ms (cache miss)
2228 http fetch GET 200 https://registry.npmjs.org/w3c-xmlserializer/-/w3c-xmlserializer-5.0.0.tgz 9272ms (cache miss)
2229 http fetch GET 200 https://registry.npmjs.org/ws/-/ws-8.20.1.tgz 9291ms (cache miss)
2230 http fetch GET 200 https://registry.npmjs.org/webidl-conversions/-/webidl-conversions-7.0.0.tgz 9763ms (cache miss)
2231 http fetch GET 200 https://registry.npmjs.org/tough-cookie/-/tough-cookie-5.1.2.tgz 10032ms (cache miss)
2232 http fetch GET 200 https://registry.npmjs.org/@vitest/pretty-format/-/pretty-format-2.1.9.tgz 10169ms (cache miss)
2233 http fetch GET 200 https://registry.npmjs.org/saxes/-/saxes-6.0.0.tgz 10173ms (cache miss)
2234 http fetch GET 200 https://registry.npmjs.org/is-potential-custom-element-name/-/is-potential-custom-element-name-1.0.1.tgz 10255ms (cache miss)
2235 http fetch GET 200 https://registry.npmjs.org/@rollup/rollup-win32-x64-gnu/-/rollup-win32-x64-gnu-4.60.3.tgz 10369ms (cache miss)
2236 http fetch GET 200 https://registry.npmjs.org/rrweb-cssom/-/rrweb-cssom-0.7.1.tgz 10360ms (cache miss)
2237 http fetch GET 200 https://registry.npmjs.org/nwsapi/-/nwsapi-2.2.23.tgz 10609ms (cache miss)
2238 http fetch GET 200 https://registry.npmjs.org/http-proxy-agent/-/http-proxy-agent-7.0.2.tgz 10612ms (cache miss)
2239 http fetch GET 200 https://registry.npmjs.org/data-urls/-/data-urls-5.0.0.tgz 10717ms (cache miss)
2240 http fetch GET 200 https://registry.npmjs.org/wrap-ansi/-/wrap-ansi-7.0.0.tgz 10908ms (cache miss)
2241 http fetch GET 200 https://registry.npmjs.org/html-encoding-sniffer/-/html-encoding-sniffer-4.0.0.tgz 10911ms (cache miss)
2242 http fetch GET 200 https://registry.npmjs.org/strip-ansi/-/strip-ansi-7.2.0.tgz 11200ms (cache miss)
2243 http fetch GET 200 https://registry.npmjs.org/strip-ansi/-/strip-ansi-6.0.1.tgz 11232ms (cache miss)
2244 http fetch GET 200 https://registry.npmjs.org/wrap-ansi/-/wrap-ansi-8.1.0.tgz 11348ms (cache miss)
2245 http fetch GET 200 https://registry.npmjs.org/@asamuzakjp/css-color/-/css-color-3.2.0.tgz 11540ms (cache miss)
2246 http fetch GET 200 https://registry.npmjs.org/string-width/-/string-width-5.1.2.tgz 11555ms (cache miss)
2247 http fetch GET 200 https://registry.npmjs.org/https-proxy-agent/-/https-proxy-agent-7.0.6.tgz 11686ms (cache miss)
2248 http fetch GET 200 https://registry.npmjs.org/decimal.js/-/decimal.js-10.6.0.tgz 11808ms (cache miss)
2249 http fetch GET 200 https://registry.npmjs.org/which/-/which-2.0.2.tgz 11836ms (cache miss)
2250 http fetch GET 200 https://registry.npmjs.org/shebang-command/-/shebang-command-2.0.0.tgz 11841ms (cache miss)
2251 http fetch GET 200 https://registry.npmjs.org/cssstyle/-/cssstyle-4.6.0.tgz 11927ms (cache miss)
2252 http fetch GET 200 https://registry.npmjs.org/path-key/-/path-key-3.1.1.tgz 11961ms (cache miss)
2253 http fetch GET 200 https://registry.npmjs.org/lru-cache/-/lru-cache-10.4.3.tgz 12054ms (cache miss)
2254 http fetch GET 200 https://registry.npmjs.org/@pkgjs/parseargs/-/parseargs-0.11.0.tgz 12053ms (cache miss)
2255 http fetch GET 200 https://registry.npmjs.org/cross-spawn/-/cross-spawn-7.0.6.tgz 12206ms (cache miss)
2256 http fetch GET 200 https://registry.npmjs.org/string-width/-/string-width-4.2.3.tgz 12465ms (cache miss)
2257 http fetch GET 200 https://registry.npmjs.org/signal-exit/-/signal-exit-4.1.0.tgz 12528ms (cache miss)
2258 http fetch GET 200 https://registry.npmjs.org/foreground-child/-/foreground-child-3.3.1.tgz 12648ms (cache miss)
2259 http fetch GET 200 https://registry.npmjs.org/@one-ini/wasm/-/wasm-0.1.1.tgz 12726ms (cache miss)
2260 http fetch GET 200 https://registry.npmjs.org/path-scurry/-/path-scurry-1.11.1.tgz 13071ms (cache miss)
2261 http fetch GET 200 https://registry.npmjs.org/proto-list/-/proto-list-1.2.4.tgz 13108ms (cache miss)
2262 http fetch GET 200 https://registry.npmjs.org/ini/-/ini-1.3.8.tgz 13440ms (cache miss)
2263 http fetch GET 200 https://registry.npmjs.org/semver/-/semver-7.8.0.tgz 13538ms (cache miss)
2264 http fetch GET 200 https://registry.npmjs.org/package-json-from-dist/-/package-json-from-dist-1.0.1.tgz 13730ms (cache miss)
2265 http fetch GET 200 https://registry.npmjs.org/fdir/-/fdir-6.5.0.tgz 13772ms (cache miss)
2266 http fetch GET 200 https://registry.npmjs.org/commander/-/commander-10.0.1.tgz 13757ms (cache miss)
2267 http fetch GET 200 https://registry.npmjs.org/@isaacs/cliui/-/cliui-8.0.2.tgz 13774ms (cache miss)
2268 http fetch GET 200 https://registry.npmjs.org/dunder-proto/-/dunder-proto-1.0.1.tgz 14081ms (cache miss)
2269 http fetch GET 200 https://registry.npmjs.org/minipass/-/minipass-7.1.3.tgz 14095ms (cache miss)
2270 http fetch GET 200 https://registry.npmjs.org/nopt/-/nopt-7.2.1.tgz 14122ms (cache miss)
2271 http fetch GET 200 https://registry.npmjs.org/editorconfig/-/editorconfig-1.0.7.tgz 14247ms (cache miss)
2272 http fetch GET 200 https://registry.npmjs.org/jackspeak/-/jackspeak-3.4.3.tgz 14286ms (cache miss)
2273 http fetch GET 200 https://registry.npmjs.org/config-chain/-/config-chain-1.1.13.tgz 14436ms (cache miss)
2274 http fetch GET 200 https://registry.npmjs.org/math-intrinsics/-/math-intrinsics-1.1.0.tgz 14437ms (cache miss)
2275 http fetch GET 200 https://registry.npmjs.org/gopd/-/gopd-1.2.0.tgz 14466ms (cache miss)
2276 http fetch GET 200 https://registry.npmjs.org/has-symbols/-/has-symbols-1.1.0.tgz 14474ms (cache miss)
2277 http fetch GET 200 https://registry.npmjs.org/es-object-atoms/-/es-object-atoms-1.1.1.tgz 14655ms (cache miss)
2278 http fetch GET 200 https://registry.npmjs.org/function-bind/-/function-bind-1.1.2.tgz 14673ms (cache miss)
2279 http fetch GET 200 https://registry.npmjs.org/js-cookie/-/js-cookie-3.0.5.tgz 14706ms (cache miss)
2280 http fetch GET 200 https://registry.npmjs.org/get-proto/-/get-proto-1.0.1.tgz 14723ms (cache miss)
2281 http fetch GET 200 https://registry.npmjs.org/es-define-property/-/es-define-property-1.0.1.tgz 14732ms (cache miss)
2282 http fetch GET 200 https://registry.npmjs.org/has-tostringtag/-/has-tostringtag-1.0.2.tgz 14801ms (cache miss)
2283 http fetch GET 200 https://registry.npmjs.org/es-errors/-/es-errors-1.3.0.tgz 15061ms (cache miss)
2284 http fetch GET 200 https://registry.npmjs.org/hasown/-/hasown-2.0.3.tgz 15065ms (cache miss)
2285 http fetch GET 200 https://registry.npmjs.org/minimatch/-/minimatch-9.0.9.tgz 15134ms (cache miss)
2286 http fetch GET 200 https://registry.npmjs.org/es-set-tostringtag/-/es-set-tostringtag-2.1.0.tgz 15201ms (cache miss)
2287 http fetch GET 200 https://registry.npmjs.org/call-bind-apply-helpers/-/call-bind-apply-helpers-1.0.2.tgz 15270ms (cache miss)
2288 http fetch GET 200 https://registry.npmjs.org/glob/-/glob-10.5.0.tgz 15411ms (cache miss)
2289 warn deprecated glob@10.5.0: Old versions of glob are not supported, and contain widely publicized security vulnerabilities, which have been fixed in the current version. Please update. Support for old versions may be purchased (at exorbitant rates) by contacting i@izs.me
2290 http fetch GET 200 https://registry.npmjs.org/combined-stream/-/combined-stream-1.0.8.tgz 15610ms (cache miss)
2291 http fetch GET 200 https://registry.npmjs.org/mime-types/-/mime-types-2.1.35.tgz 15612ms (cache miss)
2292 http fetch GET 200 https://registry.npmjs.org/get-intrinsic/-/get-intrinsic-1.3.0.tgz 15615ms (cache miss)
2293 http fetch GET 200 https://registry.npmjs.org/asynckit/-/asynckit-0.4.0.tgz 15926ms (cache miss)
2294 http fetch GET 200 https://registry.npmjs.org/rollup/-/rollup-4.60.3.tgz 15997ms (cache miss)
2295 http fetch GET 200 https://registry.npmjs.org/@floating-ui/utils/-/utils-0.2.11.tgz 15973ms (cache miss)
2296 http fetch GET 200 https://registry.npmjs.org/@types/web-bluetooth/-/web-bluetooth-0.0.21.tgz 15977ms (cache miss)
2297 http fetch GET 200 https://registry.npmjs.org/memoize-one/-/memoize-one-6.0.0.tgz 15972ms (cache miss)
2298 http fetch GET 200 https://registry.npmjs.org/@vueuse/shared/-/shared-14.3.0.tgz 16205ms (cache miss)
2299 http fetch GET 200 https://registry.npmjs.org/lodash-unified/-/lodash-unified-1.0.3.tgz 16325ms (cache miss)
2300 http fetch GET 200 https://registry.npmjs.org/delayed-stream/-/delayed-stream-1.0.0.tgz 16706ms (cache miss)
2301 http fetch GET 200 https://registry.npmjs.org/normalize-wheel-es/-/normalize-wheel-es-1.2.0.tgz 16723ms (cache miss)
2302 http fetch GET 200 https://registry.npmjs.org/@vueuse/metadata/-/metadata-14.3.0.tgz 16778ms (cache miss)
2303 http fetch GET 200 https://registry.npmjs.org/@floating-ui/core/-/core-1.7.5.tgz 16791ms (cache miss)
2304 http fetch GET 200 https://registry.npmjs.org/parse5/-/parse5-7.3.0.tgz 17372ms (cache miss)
2305 http fetch GET 200 https://registry.npmjs.org/proxy-from-env/-/proxy-from-env-2.1.0.tgz 17415ms (cache miss)
2306 http fetch GET 200 https://registry.npmjs.org/async-validator/-/async-validator-4.2.5.tgz 17511ms (cache miss)
2307 http fetch GET 200 https://registry.npmjs.org/@floating-ui/dom/-/dom-1.7.6.tgz 17609ms (cache miss)
2308 http fetch GET 200 https://registry.npmjs.org/@rollup/rollup-win32-x64-msvc/-/rollup-win32-x64-msvc-4.60.3.tgz 17682ms (cache miss)
2309 http fetch GET 200 https://registry.npmjs.org/vue-component-type-helpers/-/vue-component-type-helpers-3.2.8.tgz 17899ms (cache miss)
2310 http fetch GET 200 https://registry.npmjs.org/follow-redirects/-/follow-redirects-1.16.0.tgz 17901ms (cache miss)
2311 http fetch GET 200 https://registry.npmjs.org/@sxzz/popperjs-es/-/popperjs-es-2.11.8.tgz 17967ms (cache miss)
2312 http fetch GET 200 https://registry.npmjs.org/@ctrl/tinycolor/-/tinycolor-4.2.0.tgz 18047ms (cache miss)
2313 http fetch GET 200 https://registry.npmjs.org/@babel/helper-string-parser/-/helper-string-parser-7.27.1.tgz 18604ms (cache miss)
2314 http fetch GET 200 https://registry.npmjs.org/estree-walker/-/estree-walker-2.0.2.tgz 18793ms (cache miss)
2315 http fetch GET 200 https://registry.npmjs.org/@types/lodash/-/lodash-4.17.24.tgz 18903ms (cache miss)
2316 http fetch GET 200 https://registry.npmjs.org/@babel/helper-validator-identifier/-/helper-validator-identifier-7.28.5.tgz 19017ms (cache miss)
2317 http fetch GET 200 https://registry.npmjs.org/source-map-js/-/source-map-js-1.2.1.tgz 19133ms (cache miss)
2318 http fetch GET 200 https://registry.npmjs.org/undici-types/-/undici-types-6.21.0.tgz 19307ms (cache miss)
2319 http fetch GET 200 https://registry.npmjs.org/@vue/shared/-/shared-3.5.34.tgz 19623ms (cache miss)
2320 http fetch GET 200 https://registry.npmjs.org/@vueuse/core/-/core-14.3.0.tgz 19755ms (cache miss)
2321 http fetch GET 200 https://registry.npmjs.org/lodash/-/lodash-4.18.1.tgz 19979ms (cache miss)
2322 http fetch GET 200 https://registry.npmjs.org/form-data/-/form-data-4.0.5.tgz 20156ms (cache miss)
2323 http fetch GET 200 https://registry.npmjs.org/vue-tsc/-/vue-tsc-2.2.12.tgz 20393ms (cache miss)
2324 http fetch GET 200 https://registry.npmjs.org/lodash-es/-/lodash-es-4.18.1.tgz 20906ms (cache miss)
2325 http fetch GET 200 https://registry.npmjs.org/js-beautify/-/js-beautify-1.15.4.tgz 21276ms (cache miss)
2326 http fetch GET 200 https://registry.npmjs.org/entities/-/entities-7.0.1.tgz 21463ms (cache miss)
2327 http fetch GET 200 https://registry.npmjs.org/@babel/types/-/types-7.29.0.tgz 22354ms (cache miss)
2328 http fetch GET 200 https://registry.npmjs.org/@vue/compiler-core/-/compiler-core-3.5.34.tgz 22567ms (cache miss)
2329 http fetch GET 200 https://registry.npmjs.org/@types/lodash-es/-/lodash-es-4.17.12.tgz 22637ms (cache miss)
2330 http fetch GET 200 https://registry.npmjs.org/@vitejs/plugin-vue/-/plugin-vue-5.2.4.tgz 23325ms (cache miss)
2331 http fetch GET 200 https://registry.npmjs.org/vue-router/-/vue-router-4.6.4.tgz 23355ms (cache miss)
2332 http fetch GET 200 https://registry.npmjs.org/jsdom/-/jsdom-25.0.1.tgz 24457ms (cache miss)
2333 http fetch GET 200 https://registry.npmjs.org/vitest/-/vitest-2.1.9.tgz 24469ms (cache miss)
2334 http fetch GET 200 https://registry.npmjs.org/@babel/parser/-/parser-7.29.3.tgz 24637ms (cache miss)
2335 http fetch GET 200 https://registry.npmjs.org/@vue/compiler-dom/-/compiler-dom-3.5.34.tgz 24738ms (cache miss)
2336 http fetch GET 200 https://registry.npmjs.org/pinia/-/pinia-2.3.1.tgz 24833ms (cache miss)
2337 http fetch GET 200 https://registry.npmjs.org/rrweb-cssom/-/rrweb-cssom-0.8.0.tgz 25621ms (cache miss)
2338 http fetch GET 200 https://registry.npmjs.org/@vue/test-utils/-/test-utils-2.4.10.tgz 26431ms (cache miss)
2339 http fetch GET 200 https://registry.npmjs.org/ansi-regex/-/ansi-regex-5.0.1.tgz 26830ms (cache miss)
2340 http fetch GET 200 https://registry.npmjs.org/tldts/-/tldts-6.1.86.tgz 28494ms (cache miss)
2341 http fetch GET 200 https://registry.npmjs.org/entities/-/entities-6.0.1.tgz 28459ms (cache miss)
2342 http fetch GET 200 https://registry.npmjs.org/ansi-regex/-/ansi-regex-5.0.1.tgz 28722ms (cache miss)
2343 http fetch GET 200 https://registry.npmjs.org/string-width/-/string-width-4.2.3.tgz 28781ms (cache miss)
2344 http fetch GET 200 https://registry.npmjs.org/strip-ansi/-/strip-ansi-6.0.1.tgz 29075ms (cache miss)
2345 http fetch GET 200 https://registry.npmjs.org/strip-ansi/-/strip-ansi-6.0.1.tgz 29455ms (cache miss)
2346 http fetch GET 200 https://registry.npmjs.org/ansi-styles/-/ansi-styles-4.3.0.tgz 29457ms (cache miss)
2347 http fetch GET 200 https://registry.npmjs.org/ansi-regex/-/ansi-regex-5.0.1.tgz 29782ms (cache miss)
2348 http fetch GET 200 https://registry.npmjs.org/emoji-regex/-/emoji-regex-8.0.0.tgz 30179ms (cache miss)
2349 http fetch GET 200 https://registry.npmjs.org/emoji-regex/-/emoji-regex-8.0.0.tgz 30431ms (cache miss)
2350 http fetch GET 200 https://registry.npmjs.org/vue/-/vue-3.5.34.tgz 31555ms (cache miss)
2351 http fetch GET 200 https://registry.npmjs.org/esbuild/-/esbuild-0.21.5.tgz 31726ms (cache miss)
2352 http fetch GET 200 https://registry.npmjs.org/vite/-/vite-6.4.2.tgz 31853ms (cache miss)
2353 http fetch GET 200 https://registry.npmjs.org/@types/node/-/node-22.19.19.tgz 32135ms (cache miss)
2354 http fetch GET 200 https://registry.npmjs.org/estree-walker/-/estree-walker-3.0.3.tgz 32405ms (cache miss)
2355 http fetch GET 200 https://registry.npmjs.org/@vitest/mocker/-/mocker-2.1.9.tgz 32945ms (cache miss)
2356 http fetch GET 200 https://registry.npmjs.org/esbuild/-/esbuild-0.21.5.tgz 33345ms (cache miss)
2357 http fetch GET 200 https://registry.npmjs.org/@element-plus/icons-vue/-/icons-vue-2.3.2.tgz 33557ms (cache miss)
2358 http fetch GET 200 https://registry.npmjs.org/@esbuild/win32-x64/-/win32-x64-0.25.12.tgz 37644ms (cache miss)
2359 http fetch GET 200 https://registry.npmjs.org/dayjs/-/dayjs-1.11.20.tgz 38135ms (cache miss)
2360 http fetch GET 200 https://registry.npmjs.org/vite/-/vite-5.4.21.tgz 38544ms (cache miss)
2361 http fetch GET 200 https://registry.npmjs.org/vite 38697ms (cache miss)
2362 silly packumentCache corgi:https://registry.npmjs.org/vite set size:undefined disposed:false
2363 http fetch GET 200 https://registry.npmjs.org/axios/-/axios-1.16.0.tgz 39920ms (cache miss)
2364 http fetch GET 200 https://registry.npmjs.org/vite/-/vite-5.4.21.tgz 42538ms (cache miss)
2365 http fetch GET 200 https://registry.npmjs.org/@vue/compiler-sfc/-/compiler-sfc-3.5.34.tgz 45874ms (cache miss)
2366 http fetch GET 200 https://registry.npmjs.org/esbuild 45651ms (cache miss)
2367 silly packumentCache corgi:https://registry.npmjs.org/esbuild set size:undefined disposed:false
2368 silly packumentCache corgi:https://registry.npmjs.org/vitest cache-miss
2369 silly packumentCache corgi:https://registry.npmjs.org/@vitest%2fmocker cache-miss
2370 silly packumentCache corgi:https://registry.npmjs.org/vite-node cache-miss
2371 http fetch GET 200 https://registry.npmjs.org/@vitest%2fmocker 934ms (cache miss)
2372 silly packumentCache corgi:https://registry.npmjs.org/@vitest%2fmocker set size:undefined disposed:false
2373 http fetch GET 200 https://registry.npmjs.org/typescript/-/typescript-5.7.3.tgz 49748ms (cache miss)
2374 http fetch GET 200 https://registry.npmjs.org/lucide-vue-next/-/lucide-vue-next-0.469.0.tgz 52840ms (cache miss)
2375 http fetch GET 200 https://registry.npmjs.org/vitest 7254ms (cache miss)
2376 silly packumentCache corgi:https://registry.npmjs.org/vitest set size:undefined disposed:false
2377 http fetch GET 200 https://registry.npmjs.org/vite-node 13046ms (cache miss)
2378 silly packumentCache corgi:https://registry.npmjs.org/vite-node set size:undefined disposed:false
2379 http fetch GET 200 https://registry.npmjs.org/@esbuild/win32-x64/-/win32-x64-0.21.5.tgz 95746ms (cache miss)
2380 http fetch GET 200 https://registry.npmjs.org/element-plus/-/element-plus-2.14.0.tgz 129481ms (cache miss)
2381 http fetch GET 200 https://registry.npmjs.org/@esbuild/win32-x64/-/win32-x64-0.21.5.tgz 136000ms (cache miss)
2382 info run esbuild@0.25.12 postinstall node_modules/esbuild node install.js
2383 info run vue-demi@0.14.10 postinstall node_modules/vue-demi node -e "try{require('./scripts/postinstall.js')}catch(e){}"
2384 info run esbuild@0.21.5 postinstall node_modules/vite-node/node_modules/esbuild node install.js
2385 info run esbuild@0.21.5 postinstall node_modules/vitest/node_modules/esbuild node install.js
2386 info run esbuild@0.25.12 postinstall { code: 0, signal: null }
2387 info run esbuild@0.21.5 postinstall { code: 0, signal: null }
2388 info run vue-demi@0.14.10 postinstall { code: 0, signal: null }
2389 info run esbuild@0.21.5 postinstall { code: 0, signal: null }
2390 silly ADD node_modules/color-name
2391 silly ADD node_modules/color-convert
2392 silly ADD node_modules/ansi-styles
2393 silly ADD node_modules/stackback
2394 silly ADD node_modules/siginfo
2395 silly ADD node_modules/isexe
2396 silly ADD node_modules/punycode
2397 silly ADD node_modules/tr46
2398 silly ADD node_modules/safer-buffer
2399 silly ADD node_modules/iconv-lite
2400 silly ADD node_modules/he
2401 silly ADD node_modules/de-indent
2402 silly ADD node_modules/muggle-string
2403 silly ADD node_modules/alien-signals
2404 silly ADD node_modules/@vue/compiler-vue2
2405 silly ADD node_modules/@volar/source-map
2406 silly ADD node_modules/vscode-uri
2407 silly ADD node_modules/path-browserify
2408 silly ADD node_modules/@volar/language-core
2409 silly ADD node_modules/@vue/language-core
2410 silly ADD node_modules/@volar/typescript
2411 silly ADD node_modules/csstype
2412 silly ADD node_modules/@vue/runtime-core
2413 silly ADD node_modules/@vue/reactivity
2414 silly ADD node_modules/@vue/compiler-ssr
2415 silly ADD node_modules/@vue/server-renderer
2416 silly ADD node_modules/@vue/runtime-dom
2417 silly ADD node_modules/@vue/compiler-sfc
2418 silly ADD node_modules/es-module-lexer
2419 silly ADD node_modules/cac
2420 silly ADD node_modules/@jridgewell/sourcemap-codec
2421 silly ADD node_modules/pathval
2422 silly ADD node_modules/deep-eql
2423 silly ADD node_modules/check-error
2424 silly ADD node_modules/assertion-error
2425 silly ADD node_modules/loupe
2426 silly ADD node_modules/tinyspy
2427 silly ADD node_modules/why-is-node-running
2428 silly ADD node_modules/vite-node
2429 silly ADD node_modules/vite-node/node_modules/@esbuild/win32-x64
2430 silly ADD node_modules/vite-node/node_modules/esbuild
2431 silly ADD node_modules/vite-node/node_modules/vite
2432 silly ADD node_modules/tinyrainbow
2433 silly ADD node_modules/tinypool
2434 silly ADD node_modules/tinyexec
2435 silly ADD node_modules/tinybench
2436 silly ADD node_modules/std-env
2437 silly ADD node_modules/pathe
2438 silly ADD node_modules/magic-string
2439 silly ADD node_modules/expect-type
2440 silly ADD node_modules/chai
2441 silly ADD node_modules/@vitest/utils
2442 silly ADD node_modules/@vitest/spy
2443 silly ADD node_modules/@vitest/snapshot
2444 silly ADD node_modules/@vitest/runner
2445 silly ADD node_modules/@vitest/pretty-format
2446 silly ADD node_modules/@vitest/expect
2447 silly ADD node_modules/@types/estree
2448 silly ADD node_modules/@rollup/rollup-win32-x64-msvc
2449 silly ADD node_modules/@rollup/rollup-win32-x64-gnu
2450 silly ADD node_modules/picocolors
2451 silly ADD node_modules/nanoid
2452 silly ADD node_modules/@esbuild/win32-x64
2453 silly ADD node_modules/tinyglobby
2454 silly ADD node_modules/rollup
2455 silly ADD node_modules/postcss
2456 silly ADD node_modules/picomatch
2457 silly ADD node_modules/fdir
2458 silly ADD node_modules/esbuild
2459 silly ADD node_modules/tldts-core
2460 silly ADD node_modules/tldts
2461 silly ADD node_modules/ansi-regex
2462 silly ADD node_modules/is-fullwidth-code-point
2463 silly ADD node_modules/emoji-regex
2464 silly ADD node_modules/eastasianwidth
2465 silly ADD node_modules/shebang-regex
2466 silly ADD node_modules/xmlchars
2467 silly ADD node_modules/vue-demi
2468 silly ADD node_modules/@vue/devtools-api
2469 silly ADD node_modules/abbrev
2470 silly ADD node_modules/balanced-match
2471 silly ADD node_modules/brace-expansion
2472 silly ADD node_modules/mime-db
2473 silly ADD node_modules/ms
2474 silly ADD node_modules/debug
2475 silly ADD node_modules/agent-base
2476 silly ADD node_modules/@csstools/color-helpers
2477 silly ADD node_modules/lru-cache
2478 silly ADD node_modules/@csstools/css-color-parser
2479 silly ADD node_modules/@csstools/css-parser-algorithms
2480 silly ADD node_modules/@csstools/css-tokenizer
2481 silly ADD node_modules/@csstools/css-calc
2482 silly ADD node_modules/@asamuzakjp/css-color
2483 silly ADD node_modules/xml-name-validator
2484 silly ADD node_modules/ws
2485 silly ADD node_modules/whatwg-url
2486 silly ADD node_modules/whatwg-mimetype
2487 silly ADD node_modules/whatwg-encoding
2488 silly ADD node_modules/webidl-conversions
2489 silly ADD node_modules/w3c-xmlserializer
2490 silly ADD node_modules/tough-cookie
2491 silly ADD node_modules/symbol-tree
2492 silly ADD node_modules/saxes
2493 silly ADD node_modules/rrweb-cssom
2494 silly ADD node_modules/parse5
2495 silly ADD node_modules/parse5/node_modules/entities
2496 silly ADD node_modules/nwsapi
2497 silly ADD node_modules/is-potential-custom-element-name
2498 silly ADD node_modules/https-proxy-agent
2499 silly ADD node_modules/http-proxy-agent
2500 silly ADD node_modules/html-encoding-sniffer
2501 silly ADD node_modules/decimal.js
2502 silly ADD node_modules/data-urls
2503 silly ADD node_modules/cssstyle
2504 silly ADD node_modules/cssstyle/node_modules/rrweb-cssom
2505 silly ADD node_modules/wrap-ansi-cjs
2506 silly ADD node_modules/wrap-ansi-cjs/node_modules/ansi-regex
2507 silly ADD node_modules/wrap-ansi-cjs/node_modules/emoji-regex
2508 silly ADD node_modules/wrap-ansi-cjs/node_modules/strip-ansi
2509 silly ADD node_modules/wrap-ansi-cjs/node_modules/string-width
2510 silly ADD node_modules/wrap-ansi-cjs/node_modules/ansi-styles
2511 silly ADD node_modules/wrap-ansi
2512 silly ADD node_modules/strip-ansi-cjs
2513 silly ADD node_modules/strip-ansi-cjs/node_modules/ansi-regex
2514 silly ADD node_modules/strip-ansi
2515 silly ADD node_modules/string-width-cjs
2516 silly ADD node_modules/string-width-cjs/node_modules/ansi-regex
2517 silly ADD node_modules/string-width-cjs/node_modules/strip-ansi
2518 silly ADD node_modules/string-width-cjs/node_modules/emoji-regex
2519 silly ADD node_modules/string-width
2520 silly ADD node_modules/@pkgjs/parseargs
2521 silly ADD node_modules/@isaacs/cliui
2522 silly ADD node_modules/which
2523 silly ADD node_modules/shebang-command
2524 silly ADD node_modules/path-key
2525 silly ADD node_modules/signal-exit
2526 silly ADD node_modules/cross-spawn
2527 silly ADD node_modules/path-scurry
2528 silly ADD node_modules/package-json-from-dist
2529 silly ADD node_modules/minipass
2530 silly ADD node_modules/jackspeak
2531 silly ADD node_modules/foreground-child
2532 silly ADD node_modules/semver
2533 silly ADD node_modules/minimatch
2534 silly ADD node_modules/commander
2535 silly ADD node_modules/@one-ini/wasm
2536 silly ADD node_modules/proto-list
2537 silly ADD node_modules/ini
2538 silly ADD node_modules/nopt
2539 silly ADD node_modules/js-cookie
2540 silly ADD node_modules/glob
2541 silly ADD node_modules/editorconfig
2542 silly ADD node_modules/config-chain
2543 silly ADD node_modules/dunder-proto
2544 silly ADD node_modules/math-intrinsics
2545 silly ADD node_modules/has-symbols
2546 silly ADD node_modules/gopd
2547 silly ADD node_modules/get-proto
2548 silly ADD node_modules/function-bind
2549 silly ADD node_modules/es-object-atoms
2550 silly ADD node_modules/es-define-property
2551 silly ADD node_modules/call-bind-apply-helpers
2552 silly ADD node_modules/has-tostringtag
2553 silly ADD node_modules/get-intrinsic
2554 silly ADD node_modules/es-errors
2555 silly ADD node_modules/delayed-stream
2556 silly ADD node_modules/mime-types
2557 silly ADD node_modules/hasown
2558 silly ADD node_modules/es-set-tostringtag
2559 silly ADD node_modules/combined-stream
2560 silly ADD node_modules/asynckit
2561 silly ADD node_modules/@vueuse/shared
2562 silly ADD node_modules/@vueuse/metadata
2563 silly ADD node_modules/@types/web-bluetooth
2564 silly ADD node_modules/@floating-ui/utils
2565 silly ADD node_modules/@floating-ui/core
2566 silly ADD node_modules/normalize-wheel-es
2567 silly ADD node_modules/memoize-one
2568 silly ADD node_modules/lodash-unified
2569 silly ADD node_modules/lodash-es
2570 silly ADD node_modules/lodash
2571 silly ADD node_modules/async-validator
2572 silly ADD node_modules/@vueuse/core
2573 silly ADD node_modules/@types/lodash-es
2574 silly ADD node_modules/@types/lodash
2575 silly ADD node_modules/@popperjs/core
2576 silly ADD node_modules/@floating-ui/dom
2577 silly ADD node_modules/@ctrl/tinycolor
2578 silly ADD node_modules/proxy-from-env
2579 silly ADD node_modules/form-data
2580 silly ADD node_modules/follow-redirects
2581 silly ADD node_modules/vue-component-type-helpers
2582 silly ADD node_modules/js-beautify
2583 silly ADD node_modules/@babel/helper-validator-identifier
2584 silly ADD node_modules/@babel/helper-string-parser
2585 silly ADD node_modules/@babel/types
2586 silly ADD node_modules/source-map-js
2587 silly ADD node_modules/estree-walker
2588 silly ADD node_modules/entities
2589 silly ADD node_modules/@babel/parser
2590 silly ADD node_modules/@vue/shared
2591 silly ADD node_modules/@vue/compiler-core
2592 silly ADD node_modules/undici-types
2593 silly ADD node_modules/vue-tsc
2594 silly ADD node_modules/vue-router
2595 silly ADD node_modules/vitest
2596 silly ADD node_modules/vitest/node_modules/@esbuild/win32-x64
2597 silly ADD node_modules/vitest/node_modules/esbuild
2598 silly ADD node_modules/vitest/node_modules/estree-walker
2599 silly ADD node_modules/vitest/node_modules/vite
2600 silly ADD node_modules/vitest/node_modules/@vitest/mocker
2601 silly ADD node_modules/typescript
2602 silly ADD node_modules/pinia
2603 silly ADD node_modules/lucide-vue-next
2604 silly ADD node_modules/jsdom
2605 silly ADD node_modules/element-plus
2606 silly ADD node_modules/dayjs
2607 silly ADD node_modules/axios
2608 silly ADD node_modules/@vue/compiler-dom
2609 silly ADD node_modules/@vue/test-utils
2610 silly ADD node_modules/vite
2611 silly ADD node_modules/@vitejs/plugin-vue
2612 silly ADD node_modules/@types/node
2613 silly ADD node_modules/vue
2614 silly ADD node_modules/@element-plus/icons-vue
2615 verbose cwd E:\vscode\excel查找\excel\frontend
2616 verbose os Windows_NT 10.0.26100
2617 verbose node v24.15.0
2618 verbose npm  v11.12.1
2619 verbose exit 0
2620 info ok
